open,high,low,close,date
0.8975,0.9022,0.8942,0.9011,2020-08-21
0.9035,0.9069,0.8964,0.8975,2020-08-20
0.9013,0.9045,0.9001,0.9034,2020-08-19
0.9061,0.9062,0.8999,0.9013,2020-08-18
0.9041,0.9070,0.9034,0.9061,2020-08-17
0.9041,0.9059,0.8999,0.9044,2020-08-14
0.9042,0.9052,0.9029,0.9041,2020-08-13
0.8993,0.9053,0.8987,0.9042,2020-08-12
0.8981,0.9009,0.8968,0.8992,2020-08-11
0.9028,0.9030,0.8972,0.8980,2020-08-10
0.9040,0.9042,0.9014,0.9031,2020-08-07
0.9045,0.9053,0.8983,0.9040,2020-08-06
0.9025,0.9059,0.9010,0.9044,2020-08-05
0.8993,0.9041,0.8989,0.9025,2020-08-04
0.9003,0.9015,0.8980,0.8993,2020-08-03
0.9046,0.9063,0.8979,0.8998,2020-07-31
0.9075,0.9079,0.9015,0.9046,2020-07-30
0.9066,0.9087,0.9033,0.9074,2020-07-29
0.9124,0.9136,0.9047,0.9066,2020-07-28
0.9108,0.9148,0.9099,0.9124,2020-07-27
0.9106,0.9125,0.9082,0.9112,2020-07-24
0.9085,0.9124,0.9080,0.9105,2020-07-23
0.9059,0.9137,0.9050,0.9085,2020-07-22
0.9043,0.9068,0.8999,0.9058,2020-07-21
0.9100,0.9138,0.9029,0.9042,2020-07-20
0.9067,0.9135,0.9056,0.9091,2020-07-17
0.9064,0.9095,0.9054,0.9067,2020-07-16
0.9074,0.9079,0.9042,0.9064,2020-07-15
0.9034,0.9113,0.9030,0.9074,2020-07-14
0.8954,0.9039,0.8944,0.9034,2020-07-13
0.8954,0.8970,0.8936,0.8950,2020-07-10
0.8988,0.9000,0.8944,0.8954,2020-07-09
0.8989,0.9011,0.8971,0.8987,2020-07-08
0.9054,0.9056,0.8966,0.8986,2020-07-07
0.9016,0.9067,0.9013,0.9054,2020-07-06
0.9014,0.9029,0.9001,0.9011,2020-07-03
0.9018,0.9032,0.9001,0.9013,2020-07-02
0.9065,0.9079,0.9007,0.9017,2020-07-01
0.9138,0.9145,0.9054,0.9064,2020-06-30
0.9094,0.9176,0.9083,0.9138,2020-06-29
0.9033,0.9105,0.9023,0.9093,2020-06-26
0.9063,0.9065,0.9000,0.9032,2020-06-25
0.9034,0.9073,0.9014,0.9063,2020-06-24
0.9026,0.9079,0.9017,0.9033,2020-06-23
0.9055,0.9060,0.9017,0.9026,2020-06-22
0.9018,0.9073,0.9005,0.9051,2020-06-19
0.8954,0.9042,0.8951,0.9018,2020-06-18
0.8959,0.8990,0.8936,0.8953,2020-06-17
0.8973,0.8981,0.8910,0.8959,2020-06-16
0.8989,0.9025,0.8960,0.8973,2020-06-15
0.8976,0.8997,0.8946,0.8972,2020-06-12
0.8928,0.9015,0.8923,0.8976,2020-06-11
0.8908,0.8934,0.8881,0.8928,2020-06-10
0.8869,0.8939,0.8862,0.8908,2020-06-09
0.8901,0.8929,0.8862,0.8869,2020-06-08
0.8998,0.9005,0.8884,0.8910,2020-06-05
0.8933,0.9007,0.8929,0.8981,2020-06-04
0.8903,0.8939,0.8876,0.8933,2020-06-03
0.8915,0.8922,0.8865,0.8903,2020-06-02
0.9000,0.9006,0.8901,0.8914,2020-06-01
0.8989,0.9055,0.8973,0.8991,2020-05-29
0.8980,0.8994,0.8961,0.8987,2020-05-28
0.8903,0.8994,0.8888,0.8980,2020-05-27
0.8937,0.8941,0.8880,0.8903,2020-05-26
0.8948,0.8954,0.8926,0.8937,2020-05-25
0.8958,0.8971,0.8927,0.8959,2020-05-22
0.8971,0.9000,0.8944,0.8957,2020-05-21
0.8917,0.8983,0.8911,0.8971,2020-05-20
0.8946,0.8958,0.8901,0.8917,2020-05-19
0.8950,0.8960,0.8893,0.8946,2020-05-18
0.8836,0.8946,0.8827,0.8939,2020-05-15
0.8843,0.8871,0.8825,0.8836,2020-05-14
0.8844,0.8877,0.8807,0.8843,2020-05-13
0.8762,0.8851,0.8758,0.8845,2020-05-12
0.8733,0.8807,0.8720,0.8762,2020-05-11
0.8758,0.8765,0.8712,0.8734,2020-05-08
0.8756,0.8790,0.8707,0.8758,2020-05-07
0.8753,0.8761,0.8737,0.8756,2020-05-06
0.8763,0.8764,0.8690,0.8711,2020-05-05
0.8795,0.8814,0.8752,0.8762,2020-05-04
0.8696,0.8796,0.8694,0.8788,2020-05-01
0.8719,0.8743,0.8670,0.8696,2020-04-30
0.8712,0.8755,0.8692,0.8719,2020-04-29
0.8714,0.8725,0.8687,0.8710,2020-04-28
0.8747,0.8751,0.8703,0.8713,2020-04-27
0.8726,0.8768,0.8711,0.8753,2020-04-24
0.8768,0.8777,0.8707,0.8725,2020-04-23
0.8826,0.8837,0.8765,0.8768,2020-04-22
0.8732,0.8864,0.8725,0.8825,2020-04-21
0.8698,0.8744,0.8697,0.8730,2020-04-20
0.8701,0.8722,0.8682,0.8694,2020-04-17
0.8706,0.8729,0.8681,0.8701,2020-04-16
0.8701,0.8745,0.8694,0.8705,2020-04-15
0.8722,0.8739,0.8681,0.8700,2020-04-14
0.8772,0.8779,0.8705,0.8722,2020-04-13
0.8766,0.8786,0.8759,0.8779,2020-04-10
0.8765,0.8787,0.8724,0.8766,2020-04-09
0.8824,0.8833,0.8744,0.8766,2020-04-08
0.8843,0.8859,0.8799,0.8824,2020-04-07
0.8838,0.8864,0.8764,0.8843,2020-04-06
0.8754,0.8836,0.8740,0.8812,2020-04-03
0.8837,0.8848,0.8738,0.8754,2020-04-02
0.8891,0.8912,0.8785,0.8837,2020-04-01
0.8911,0.8972,0.8811,0.8891,2020-03-31
0.8956,0.8988,0.8866,0.8911,2020-03-30
0.9075,0.9081,0.8904,0.8945,2020-03-27
0.9204,0.9239,0.9032,0.9075,2020-03-26
0.9171,0.9276,0.9053,0.9205,2020-03-25
0.9296,0.9325,0.9142,0.9171,2020-03-24
0.9231,0.9388,0.9162,0.9296,2020-03-23
0.9324,0.9325,0.8994,0.9178,2020-03-20
0.9389,0.9500,0.9120,0.9324,2020-03-19
0.9121,0.9496,0.9067,0.9389,2020-03-18
0.9102,0.9141,0.9064,0.9120,2020-03-17
0.8995,0.9150,0.8986,0.9103,2020-03-16
0.8883,0.9049,0.8842,0.9032,2020-03-13
0.8786,0.8913,0.8781,0.8881,2020-03-12
0.8763,0.8848,0.8714,0.8785,2020-03-11
0.8734,0.8781,0.8680,0.8762,2020-03-10
0.8698,0.8770,0.8654,0.8733,2020-03-09
0.8667,0.8718,0.8641,0.8649,2020-03-06
0.8651,0.8681,0.8620,0.8671,2020-03-05
0.8716,0.8744,0.8645,0.8651,2020-03-04
0.8730,0.8744,0.8681,0.8716,2020-03-03
0.8623,0.8742,0.8593,0.8733,2020-03-02
0.8534,0.8642,0.8520,0.8600,2020-02-28
0.8432,0.8543,0.8430,0.8534,2020-02-27
0.8369,0.8442,0.8355,0.8432,2020-02-26
0.8395,0.8401,0.8337,0.8368,2020-02-25
0.8363,0.8407,0.8342,0.8395,2020-02-24
0.8375,0.8385,0.8342,0.8371,2020-02-21
0.8364,0.8416,0.8356,0.8374,2020-02-20
0.8302,0.8368,0.8293,0.8363,2020-02-19
0.8333,0.8348,0.8281,0.8302,2020-02-18
0.8307,0.8335,0.8301,0.8333,2020-02-17
0.8311,0.8344,0.8292,0.8299,2020-02-14
0.8388,0.8400,0.8294,0.8311,2020-02-13
0.8426,0.8429,0.8380,0.8388,2020-02-12
0.8448,0.8459,0.8419,0.8426,2020-02-11
0.8488,0.8504,0.8441,0.8448,2020-02-10
0.8493,0.8498,0.8460,0.8490,2020-02-07
0.8460,0.8498,0.8459,0.8493,2020-02-06
0.8474,0.8491,0.8433,0.8460,2020-02-05
0.8508,0.8538,0.8463,0.8474,2020-02-04
0.8411,0.8518,0.8406,0.8508,2020-02-03
0.8428,0.8430,0.8386,0.8400,2020-01-31
0.8460,0.8487,0.8411,0.8426,2020-01-30
0.8462,0.8468,0.8446,0.8459,2020-01-29
0.8434,0.8479,0.8432,0.8461,2020-01-28
0.8436,0.8449,0.8407,0.8433,2020-01-27
0.8424,0.8444,0.8386,0.8430,2020-01-24
0.8442,0.8457,0.8415,0.8424,2020-01-23
0.8495,0.8501,0.8423,0.8442,2020-01-22
0.8530,0.8535,0.8487,0.8493,2020-01-21
0.8529,0.8553,0.8519,0.8530,2020-01-20
0.8517,0.8533,0.8486,0.8524,2020-01-17
0.8548,0.8561,0.8508,0.8517,2020-01-16
0.8544,0.8577,0.8536,0.8548,2020-01-15
0.8570,0.8596,0.8538,0.8543,2020-01-14
0.8527,0.8582,0.8520,0.8570,2020-01-13
0.8498,0.8520,0.8478,0.8515,2020-01-10
0.8477,0.8533,0.8470,0.8498,2020-01-09
0.8494,0.8516,0.8454,0.8477,2020-01-08
0.8495,0.8527,0.8465,0.8494,2020-01-07
0.8535,0.8545,0.8491,0.8497,2020-01-06
0.8500,0.8543,0.8492,0.8527,2020-01-03
0.8459,0.8514,0.8456,0.8501,2020-01-02
0.8455,0.8483,0.8450,0.8459,2020-01-01
0.8535,0.8549,0.8450,0.8455,2019-12-31
0.8544,0.8557,0.8511,0.8536,2019-12-30
0.8537,0.8565,0.8508,0.8544,2019-12-27
0.8549,0.8556,0.8528,0.8534,2019-12-26
0.8570,0.8589,0.8532,0.8547,2019-12-25
0.8570,0.8582,0.8542,0.8569,2019-12-24
0.8521,0.8592,0.8503,0.8569,2019-12-23
0.8551,0.8552,0.8476,0.8523,2019-12-20
0.8495,0.8557,0.8476,0.8550,2019-12-19
0.8493,0.8518,0.8483,0.8495,2019-12-18
0.8381,0.8510,0.8372,0.8492,2019-12-17
0.8339,0.8398,0.8301,0.8381,2019-12-16
0.8311,0.8388,0.8276,0.8346,2019-12-13
0.8434,0.8508,0.8276,0.8304,2019-12-12
0.8452,0.8459,0.8410,0.8434,2019-12-11
0.8419,0.8462,0.8396,0.8451,2019-12-10
0.8418,0.8427,0.8392,0.8417,2019-12-09
0.8438,0.8468,0.8410,0.8416,2019-12-06
0.8453,0.8456,0.8429,0.8438,2019-12-05
0.8525,0.8530,0.8450,0.8453,2019-12-04
0.8559,0.8565,0.8511,0.8525,2019-12-03
0.8534,0.8575,0.8513,0.8557,2019-12-02
0.8528,0.8543,0.8509,0.8518,2019-11-29
0.8501,0.8532,0.8499,0.8528,2019-11-28
0.8569,0.8584,0.8498,0.8501,2019-11-27
0.8537,0.8580,0.8531,0.8569,2019-11-26
0.8577,0.8584,0.8529,0.8536,2019-11-25
0.8568,0.8605,0.8560,0.8591,2019-11-22
0.8568,0.8581,0.8544,0.8568,2019-11-21
0.8568,0.8583,0.8558,0.8568,2019-11-20
0.8547,0.8580,0.8536,0.8568,2019-11-19
0.8555,0.8560,0.8521,0.8547,2019-11-18
0.8555,0.8574,0.8549,0.8564,2019-11-15
0.8564,0.8582,0.8544,0.8555,2019-11-14
0.8569,0.8589,0.8557,0.8564,2019-11-13
0.8581,0.8606,0.8556,0.8567,2019-11-12
0.8615,0.8622,0.8557,0.8581,2019-11-11
0.8622,0.8630,0.8596,0.8623,2019-11-08
0.8609,0.8658,0.8601,0.8622,2019-11-07
0.8597,0.8617,0.8593,0.8608,2019-11-06
0.8633,0.8645,0.8584,0.8598,2019-11-05
0.8632,0.8646,0.8620,0.8633,2019-11-04
0.8622,0.8637,0.8594,0.8630,2019-11-01
0.8643,0.8645,0.8599,0.8622,2019-10-31
0.8637,0.8646,0.8610,0.8643,2019-10-30
0.8632,0.8651,0.8607,0.8638,2019-10-29
0.8636,0.8652,0.8614,0.8632,2019-10-28
0.8648,0.8670,0.8629,0.8637,2019-10-25
0.8619,0.8676,0.8599,0.8648,2019-10-24
0.8629,0.8660,0.8613,0.8618,2019-10-23
0.8600,0.8647,0.8576,0.8629,2019-10-22
0.8645,0.8656,0.8577,0.8599,2019-10-21
0.8641,0.8664,0.8597,0.8620,2019-10-18
0.8639,0.8703,0.8574,0.8641,2019-10-17
0.8644,0.8716,0.8597,0.8639,2019-10-16
0.8747,0.8751,0.8623,0.8643,2019-10-15
0.8726,0.8811,0.8714,0.8746,2019-10-14
0.8855,0.8868,0.8694,0.8726,2019-10-11
0.8993,0.9019,0.8829,0.8855,2019-10-10
0.8963,0.8995,0.8938,0.8993,2019-10-09
0.8929,0.9000,0.8922,0.8963,2019-10-08
0.8904,0.8931,0.8901,0.8929,2019-10-07
0.8893,0.8937,0.8879,0.8900,2019-10-04
0.8911,0.8922,0.8846,0.8893,2019-10-03
0.8897,0.8924,0.8885,0.8911,2019-10-02
0.8868,0.8937,0.8845,0.8897,2019-10-01
0.8903,0.8904,0.8830,0.8868,2019-09-30
0.8859,0.8904,0.8845,0.8902,2019-09-27
0.8859,0.8886,0.8843,0.8859,2019-09-26
0.8820,0.8880,0.8813,0.8860,2019-09-25
0.8841,0.8853,0.8802,0.8820,2019-09-24
0.8833,0.8856,0.8814,0.8841,2019-09-23
0.8818,0.8846,0.8786,0.8827,2019-09-20
0.8842,0.8894,0.8802,0.8818,2019-09-19
0.8855,0.8881,0.8819,0.8841,2019-09-18
0.8854,0.8889,0.8838,0.8855,2019-09-17
0.8866,0.8902,0.8846,0.8854,2019-09-16
0.8965,0.8974,0.8850,0.8854,2019-09-13
0.8930,0.8973,0.8884,0.8965,2019-09-12
0.8942,0.8952,0.8904,0.8929,2019-09-11
0.8949,0.8974,0.8920,0.8942,2019-09-10
0.8973,0.9015,0.8903,0.8949,2019-09-09
0.8951,0.8986,0.8944,0.8981,2019-09-06
0.9010,0.9031,0.8938,0.8951,2019-09-05
0.9074,0.9082,0.8999,0.9009,2019-09-04
0.9089,0.9148,0.9049,0.9073,2019-09-03
0.9039,0.9109,0.9025,0.9088,2019-09-02
0.9076,0.9084,0.9019,0.9041,2019-08-30
0.9071,0.9094,0.9050,0.9075,2019-08-29
0.9028,0.9124,0.9024,0.9071,2019-08-28
0.9081,0.9094,0.9015,0.9028,2019-08-27
0.9090,0.9109,0.9061,0.9081,2019-08-26
0.9046,0.9095,0.9038,0.9065,2019-08-23
0.9143,0.9158,0.9027,0.9046,2019-08-22
0.9123,0.9162,0.9115,0.9143,2019-08-21
0.9140,0.9184,0.9099,0.9123,2019-08-20
0.9126,0.9170,0.9111,0.9140,2019-08-19
0.9188,0.9193,0.9089,0.9128,2019-08-16
0.9240,0.9251,0.9153,0.9188,2019-08-15
0.9267,0.9276,0.9228,0.9239,2019-08-14
0.9285,0.9295,0.9239,0.9267,2019-08-13
0.9311,0.9325,0.9246,0.9284,2019-08-12
0.9212,0.9317,0.9210,0.9310,2019-08-09
0.9227,0.9265,0.9204,0.9212,2019-08-08
0.9207,0.9248,0.9187,0.9227,2019-08-07
0.9233,0.9250,0.9154,0.9207,2019-08-06
0.9142,0.9242,0.9131,0.9232,2019-08-05
0.9139,0.9170,0.9125,0.9133,2019-08-02
0.9111,0.9149,0.9095,0.9139,2019-08-01
0.9175,0.9181,0.9088,0.9111,2019-07-31
0.9117,0.9190,0.9115,0.9175,2019-07-30
0.8991,0.9127,0.8989,0.9117,2019-07-29
0.8949,0.8988,0.8946,0.8987,2019-07-26
0.8923,0.8959,0.8890,0.8949,2019-07-25
0.8966,0.8968,0.8905,0.8924,2019-07-24
0.8983,0.9005,0.8951,0.8965,2019-07-23
0.8969,0.9000,0.8963,0.8983,2019-07-22
0.8978,0.8998,0.8955,0.8976,2019-07-19
0.9030,0.9039,0.8971,0.8978,2019-07-18
0.9034,0.9051,0.9013,0.9029,2019-07-17
0.8995,0.9048,0.8993,0.9033,2019-07-16
0.8964,0.9001,0.8963,0.8995,2019-07-15
0.8984,0.8990,0.8954,0.8962,2019-07-12
0.9000,0.9006,0.8965,0.8984,2019-07-11
0.8993,0.9010,0.8983,0.9000,2019-07-10
0.8960,0.9002,0.8957,0.8993,2019-07-09
0.8964,0.8973,0.8953,0.8959,2019-07-08
0.8971,0.8984,0.8956,0.8962,2019-07-05
0.8972,0.8978,0.8962,0.8971,2019-07-04
0.8962,0.8990,0.8959,0.8972,2019-07-03
0.8924,0.8973,0.8919,0.8961,2019-07-02
0.8952,0.8980,0.8920,0.8924,2019-07-01
0.8972,0.8992,0.8939,0.8957,2019-06-28
0.8960,0.8982,0.8936,0.8972,2019-06-27
0.8958,0.8976,0.8940,0.8959,2019-06-26
0.8950,0.8963,0.8914,0.8958,2019-06-25
0.8925,0.8961,0.8917,0.8949,2019-06-24
0.8888,0.8945,0.8884,0.8924,2019-06-21
0.8881,0.8923,0.8871,0.8888,2019-06-20
0.8915,0.8927,0.8872,0.8880,2019-06-19
0.8950,0.8975,0.8908,0.8915,2019-06-18
0.8906,0.8952,0.8902,0.8950,2019-06-17
0.8895,0.8918,0.8889,0.8901,2019-06-14
0.8897,0.8920,0.8876,0.8894,2019-06-13
0.8903,0.8916,0.8870,0.8897,2019-06-12
0.8917,0.8932,0.8890,0.8903,2019-06-11
0.8895,0.8930,0.8879,0.8917,2019-06-10
0.8881,0.8901,0.8848,0.8898,2019-06-07
0.8848,0.8891,0.8827,0.8881,2019-06-06
0.8861,0.8878,0.8840,0.8847,2019-06-05
0.8878,0.8902,0.8851,0.8860,2019-06-04
0.8841,0.8888,0.8824,0.8878,2019-06-03
0.8828,0.8875,0.8821,0.8842,2019-05-31
0.8819,0.8841,0.8807,0.8828,2019-05-30
0.8821,0.8832,0.8797,0.8819,2019-05-29
0.8826,0.8842,0.8804,0.8821,2019-05-28
0.8807,0.8835,0.8789,0.8825,2019-05-27
0.8831,0.8850,0.8802,0.8813,2019-05-24
0.8809,0.8838,0.8789,0.8831,2019-05-23
0.8789,0.8840,0.8771,0.8809,2019-05-22
0.8774,0.8790,0.8724,0.8789,2019-05-21
0.8771,0.8784,0.8748,0.8774,2019-05-20
0.8732,0.8779,0.8729,0.8772,2019-05-17
0.8723,0.8748,0.8720,0.8732,2019-05-16
0.8680,0.8737,0.8667,0.8723,2019-05-15
0.8672,0.8692,0.8660,0.8680,2019-05-14
0.8638,0.8681,0.8623,0.8672,2019-05-13
0.8622,0.8644,0.8618,0.8644,2019-05-10
0.8605,0.8649,0.8596,0.8622,2019-05-09
0.8563,0.8624,0.8559,0.8605,2019-05-08
0.8553,0.8581,0.8536,0.8562,2019-05-07
0.8502,0.8557,0.8499,0.8553,2019-05-06
0.8575,0.8587,0.8495,0.8495,2019-05-03
0.8581,0.8599,0.8565,0.8575,2019-05-02
0.8602,0.8606,0.8574,0.8581,2019-05-01
0.8648,0.8650,0.8589,0.8602,2019-04-30
0.8630,0.8651,0.8619,0.8648,2019-04-29
0.8634,0.8639,0.8621,0.8629,2019-04-26
0.8645,0.8655,0.8625,0.8633,2019-04-25
0.8675,0.8678,0.8629,0.8644,2019-04-24
0.8673,0.8682,0.8634,0.8674,2019-04-23
0.8652,0.8676,0.8646,0.8673,2019-04-22
0.8649,0.8657,0.8641,0.8652,2019-04-19
0.8665,0.8666,0.8633,0.8649,2019-04-18
0.8650,0.8681,0.8646,0.8663,2019-04-17
0.8629,0.8660,0.8624,0.8650,2019-04-16
0.8642,0.8649,0.8617,0.8629,2019-04-15
0.8623,0.8657,0.8620,0.8642,2019-04-12
0.8615,0.8635,0.8603,0.8622,2019-04-11
0.8629,0.8632,0.8590,0.8614,2019-04-10
0.8619,0.8652,0.8593,0.8629,2019-04-09
0.8605,0.8645,0.8589,0.8618,2019-04-08
0.8584,0.8637,0.8556,0.8601,2019-04-05
0.8532,0.8593,0.8517,0.8584,2019-04-04
0.8535,0.8558,0.8502,0.8532,2019-04-03
0.8568,0.8608,0.8517,0.8534,2019-04-02
0.8619,0.8627,0.8524,0.8567,2019-04-01
0.8599,0.8649,0.8550,0.8599,2019-03-29
0.8551,0.8609,0.8526,0.8599,2019-03-28
0.8537,0.8553,0.8483,0.8551,2019-03-27
0.8565,0.8596,0.8518,0.8536,2019-03-26
0.8550,0.8599,0.8544,0.8565,2019-03-25
0.8669,0.8671,0.8531,0.8552,2019-03-22
0.8655,0.8723,0.8636,0.8669,2019-03-21
0.8557,0.8667,0.8553,0.8655,2019-03-20
0.8559,0.8570,0.8532,0.8557,2019-03-19
0.8521,0.8595,0.8509,0.8557,2019-03-18
0.8534,0.8575,0.8508,0.8514,2019-03-15
0.8518,0.8562,0.8498,0.8534,2019-03-14
0.8632,0.8640,0.8471,0.8518,2019-03-13
0.8510,0.8654,0.8489,0.8632,2019-03-12
0.8652,0.8676,0.8475,0.8510,2019-03-11
0.8555,0.8655,0.8547,0.8630,2019-03-08
0.8584,0.8625,0.8536,0.8555,2019-03-07
0.8593,0.8619,0.8579,0.8584,2019-03-06
0.8601,0.8646,0.8575,0.8593,2019-03-05
0.8598,0.8609,0.8557,0.8601,2019-03-04
0.8574,0.8623,0.8569,0.8606,2019-03-01
0.8544,0.8586,0.8540,0.8573,2019-02-28
0.8593,0.8597,0.8528,0.8545,2019-02-27
0.8656,0.8660,0.8562,0.8594,2019-02-26
0.8680,0.8700,0.8635,0.8656,2019-02-25
0.8690,0.8729,0.8672,0.8685,2019-02-22
0.8692,0.8704,0.8664,0.8692,2019-02-21
0.8681,0.8714,0.8672,0.8692,2019-02-20
0.8750,0.8763,0.8671,0.8681,2019-02-19
0.8750,0.8768,0.8741,0.8751,2019-02-18
0.8823,0.8828,0.8751,0.8760,2019-02-15
0.8760,0.8840,0.8752,0.8818,2019-02-14
0.8787,0.8793,0.8742,0.8760,2019-02-13
0.8768,0.8790,0.8755,0.8786,2019-02-12
0.8751,0.8777,0.8744,0.8768,2019-02-11
0.8756,0.8765,0.8739,0.8751,2019-02-08
0.8786,0.8814,0.8727,0.8754,2019-02-07
0.8800,0.8808,0.8771,0.8787,2019-02-06
0.8771,0.8822,0.8746,0.8801,2019-02-05
0.8759,0.8775,0.8725,0.8768,2019-02-04
0.8730,0.8793,0.8726,0.8759,2019-02-01
0.8754,0.8767,0.8710,0.8731,2019-01-31
0.8743,0.8764,0.8713,0.8754,2019-01-30
0.8690,0.8756,0.8655,0.8742,2019-01-29
0.8636,0.8695,0.8636,0.8691,2019-01-28
0.8646,0.8682,0.8617,0.8640,2019-01-25
0.8700,0.8725,0.8644,0.8646,2019-01-24
0.8767,0.8782,0.8697,0.8700,2019-01-23
0.8815,0.8829,0.8759,0.8767,2019-01-22
0.8830,0.8862,0.8805,0.8814,2019-01-21
0.8769,0.8839,0.8767,0.8825,2019-01-18
0.8847,0.8870,0.8762,0.8770,2019-01-17
0.8864,0.8889,0.8835,0.8846,2019-01-16
0.8910,0.8985,0.8854,0.8865,2019-01-15
0.8914,0.8953,0.8874,0.8911,2019-01-14
0.9017,0.9062,0.8921,0.8929,2019-01-11
0.9024,0.9059,0.9010,0.9014,2019-01-10
0.8994,0.9041,0.8974,0.9022,2019-01-09
0.8976,0.9006,0.8947,0.8994,2019-01-08
0.8957,0.8992,0.8951,0.8974,2019-01-07
0.9015,0.9030,0.8943,0.8957,2019-01-04
0.9090,0.9092,0.9007,0.9015,2019-01-03
0.8994,0.9110,0.8980,0.9085,2019-01-02
0.8979,0.9055,0.8979,0.8993,2019-01-01
0.9006,0.9021,0.8926,0.8992,2018-12-31
0.9039,0.9060,0.9003,0.9012,2018-12-28
0.8981,0.9061,0.8979,0.9037,2018-12-27
0.8998,0.9011,0.8965,0.8979,2018-12-26
0.8978,0.9011,0.8955,0.8998,2018-12-25
0.8989,0.9026,0.8960,0.8982,2018-12-24
0.9044,0.9050,0.8981,0.9000,2018-12-21
0.9017,0.9055,0.9006,0.9045,2018-12-20
0.8987,0.9041,0.8981,0.9017,2018-12-19
0.8994,0.9011,0.8962,0.8988,2018-12-18
0.8983,0.9005,0.8968,0.8995,2018-12-17
0.8972,0.9005,0.8960,0.8984,2018-12-14
0.8999,0.9015,0.8951,0.8972,2018-12-13
0.9064,0.9069,0.8967,0.8997,2018-12-12
0.9036,0.9070,0.9005,0.9064,2018-12-11
0.8963,0.9087,0.8959,0.9036,2018-12-10
0.8901,0.8968,0.8896,0.8947,2018-12-07
0.8908,0.8928,0.8885,0.8901,2018-12-06
0.8918,0.8932,0.8874,0.8908,2018-12-05
0.8921,0.8945,0.8888,0.8918,2018-12-04
0.8895,0.8925,0.8862,0.8921,2018-12-03
0.8910,0.8925,0.8859,0.8877,2018-11-30
0.8863,0.8920,0.8859,0.8910,2018-11-29
0.8862,0.8876,0.8809,0.8861,2018-11-28
0.8842,0.8888,0.8838,0.8865,2018-11-27
0.8841,0.8869,0.8835,0.8841,2018-11-26
0.8856,0.8878,0.8835,0.8842,2018-11-23
0.8914,0.8923,0.8840,0.8854,2018-11-22
0.8889,0.8924,0.8885,0.8912,2018-11-21
0.8902,0.8922,0.8874,0.8888,2018-11-20
0.8896,0.8932,0.8866,0.8902,2018-11-19
0.8870,0.8906,0.8823,0.8898,2018-11-16
0.8709,0.8889,0.8703,0.8870,2018-11-15
0.8668,0.8758,0.8665,0.8708,2018-11-14
0.8730,0.8742,0.8655,0.8668,2018-11-13
0.8754,0.8774,0.8708,0.8729,2018-11-12
0.8697,0.8744,0.8690,0.8738,2018-11-09
0.8704,0.8738,0.8690,0.8697,2018-11-08
0.8721,0.8747,0.8699,0.8704,2018-11-07
0.8735,0.8754,0.8711,0.8721,2018-11-06
0.8756,0.8773,0.8731,0.8734,2018-11-05
0.8774,0.8800,0.8767,0.8778,2018-11-02
0.8860,0.8863,0.8756,0.8774,2018-11-01
0.8927,0.8932,0.8842,0.8860,2018-10-31
0.8885,0.8939,0.8882,0.8926,2018-10-30
0.8886,0.8900,0.8867,0.8885,2018-10-29
0.8871,0.8897,0.8859,0.8889,2018-10-26
0.8845,0.8883,0.8829,0.8870,2018-10-25
0.8834,0.8849,0.8814,0.8845,2018-10-24
0.8841,0.8848,0.8797,0.8834,2018-10-23
0.8810,0.8857,0.8805,0.8841,2018-10-22
0.8797,0.8833,0.8774,0.8811,2018-10-19
0.8776,0.8806,0.8770,0.8797,2018-10-18
0.8778,0.8809,0.8763,0.8776,2018-10-17
0.8806,0.8810,0.8751,0.8778,2018-10-16
0.8818,0.8826,0.8794,0.8805,2018-10-15
0.8759,0.8795,0.8744,0.8791,2018-10-12
0.8736,0.8773,0.8729,0.8759,2018-10-11
0.8745,0.8750,0.8720,0.8736,2018-10-10
0.8778,0.8791,0.8732,0.8745,2018-10-09
0.8778,0.8807,0.8771,0.8777,2018-10-08
0.8843,0.8847,0.8775,0.8784,2018-10-05
0.8870,0.8876,0.8833,0.8842,2018-10-04
0.8897,0.8918,0.8857,0.8870,2018-10-03
0.8875,0.8914,0.8865,0.8897,2018-10-02
0.8904,0.8915,0.8858,0.8875,2018-10-01
0.8898,0.8915,0.8871,0.8910,2018-09-28
0.8919,0.8937,0.8884,0.8898,2018-09-27
0.8928,0.8946,0.8900,0.8919,2018-09-26
0.8959,0.8975,0.8919,0.8928,2018-09-25
0.8982,0.8987,0.8934,0.8958,2018-09-24
0.8875,0.8996,0.8870,0.8990,2018-09-21
0.8882,0.8890,0.8847,0.8875,2018-09-20
0.8871,0.8919,0.8860,0.8882,2018-09-19
0.8875,0.8909,0.8864,0.8871,2018-09-18
0.8890,0.8904,0.8872,0.8875,2018-09-17
0.8917,0.8933,0.8889,0.8895,2018-09-14
0.8911,0.8930,0.8892,0.8916,2018-09-13
0.8911,0.8937,0.8881,0.8911,2018-09-12
0.8900,0.8938,0.8875,0.8910,2018-09-11
0.8940,0.8958,0.8893,0.8900,2018-09-10
0.8991,0.9006,0.8912,0.8942,2018-09-07
0.9010,0.9019,0.8973,0.8991,2018-09-06
0.9009,0.9052,0.8955,0.9009,2018-09-05
0.9024,0.9027,0.8988,0.9009,2018-09-04
0.8972,0.9033,0.8969,0.9024,2018-09-03
0.8965,0.8988,0.8937,0.8954,2018-08-31
0.8988,0.8993,0.8952,0.8965,2018-08-30
0.9087,0.9092,0.8982,0.8988,2018-08-29
0.9057,0.9099,0.9055,0.9085,2018-08-28
0.9048,0.9066,0.9032,0.9057,2018-08-27
0.9009,0.9052,0.9000,0.9049,2018-08-24
0.8979,0.9023,0.8968,0.9008,2018-08-23
0.8967,0.9005,0.8961,0.8979,2018-08-22
0.8977,0.9002,0.8947,0.8967,2018-08-21
0.8973,0.8980,0.8938,0.8977,2018-08-20
0.8945,0.8978,0.8933,0.8967,2018-08-17
0.8934,0.8960,0.8933,0.8945,2018-08-16
0.8920,0.8940,0.8899,0.8935,2018-08-15
0.8935,0.8939,0.8895,0.8920,2018-08-14
0.8927,0.8946,0.8911,0.8935,2018-08-13
0.8986,0.8992,0.8925,0.8937,2018-08-10
0.9011,0.9031,0.8980,0.8986,2018-08-09
0.8962,0.9017,0.8960,0.9012,2018-08-08
0.8928,0.8966,0.8923,0.8962,2018-08-07
0.8892,0.8937,0.8886,0.8928,2018-08-06
0.8900,0.8919,0.8891,0.8896,2018-08-03
0.8885,0.8925,0.8854,0.8899,2018-08-02
0.8910,0.8917,0.8881,0.8884,2018-08-01
0.8913,0.8936,0.8902,0.8909,2018-07-31
0.8894,0.8920,0.8880,0.8912,2018-07-30
0.8881,0.8901,0.8872,0.8899,2018-07-27
0.8892,0.8896,0.8863,0.8881,2018-07-26
0.8887,0.8902,0.8871,0.8892,2018-07-25
0.8923,0.8927,0.8881,0.8887,2018-07-24
0.8930,0.8936,0.8908,0.8923,2018-07-23
0.8948,0.8960,0.8919,0.8924,2018-07-20
0.8906,0.8955,0.8902,0.8947,2018-07-19
0.8891,0.8932,0.8873,0.8905,2018-07-18
0.8846,0.8915,0.8841,0.8891,2018-07-17
0.8830,0.8854,0.8815,0.8846,2018-07-16
0.8844,0.8866,0.8823,0.8829,2018-07-13
0.8841,0.8850,0.8820,0.8844,2018-07-12
0.8850,0.8862,0.8828,0.8840,2018-07-11
0.8867,0.8875,0.8819,0.8851,2018-07-10
0.8834,0.8902,0.8812,0.8867,2018-07-09
0.8843,0.8870,0.8833,0.8840,2018-07-06
0.8813,0.8860,0.8810,0.8842,2018-07-05
0.8837,0.8841,0.8798,0.8813,2018-07-04
0.8857,0.8862,0.8827,0.8838,2018-07-03
0.8841,0.8870,0.8834,0.8857,2018-07-02
0.8842,0.8891,0.8835,0.8847,2018-06-29
0.8810,0.8871,0.8808,0.8842,2018-06-28
0.8810,0.8830,0.8795,0.8810,2018-06-27
0.8811,0.8823,0.8797,0.8810,2018-06-26
0.8794,0.8819,0.8780,0.8810,2018-06-25
0.8764,0.8806,0.8750,0.8788,2018-06-22
0.8788,0.8800,0.8724,0.8764,2018-06-21
0.8798,0.8801,0.8768,0.8788,2018-06-20
0.8773,0.8798,0.8751,0.8798,2018-06-19
0.8736,0.8779,0.8727,0.8773,2018-06-18
0.8729,0.8756,0.8717,0.8744,2018-06-15
0.8819,0.8821,0.8719,0.8728,2018-06-14
0.8785,0.8825,0.8780,0.8817,2018-06-13
0.8800,0.8832,0.8769,0.8785,2018-06-12
0.8781,0.8831,0.8778,0.8801,2018-06-11
0.8789,0.8799,0.8757,0.8781,2018-06-08
0.8779,0.8840,0.8775,0.8789,2018-06-07
0.8745,0.8788,0.8738,0.8779,2018-06-06
0.8787,0.8788,0.8722,0.8745,2018-06-05
0.8735,0.8792,0.8731,0.8786,2018-06-04
0.8801,0.8810,0.8725,0.8735,2018-06-01
0.8780,0.8802,0.8755,0.8801,2018-05-31
0.8706,0.8784,0.8697,0.8780,2018-05-30
0.8734,0.8741,0.8696,0.8706,2018-05-29
0.8782,0.8795,0.8724,0.8732,2018-05-28
0.8757,0.8780,0.8740,0.8755,2018-05-25
0.8764,0.8778,0.8736,0.8757,2018-05-24
0.8770,0.8797,0.8738,0.8763,2018-05-23
0.8781,0.8790,0.8757,0.8769,2018-05-22
0.8732,0.8784,0.8724,0.8781,2018-05-21
0.8727,0.8754,0.8723,0.8740,2018-05-18
0.8736,0.8753,0.8712,0.8727,2018-05-17
0.8757,0.8783,0.8730,0.8735,2018-05-16
0.8797,0.8820,0.8756,0.8757,2018-05-15
0.8819,0.8830,0.8790,0.8797,2018-05-14
0.8816,0.8827,0.8787,0.8819,2018-05-11
0.8748,0.8837,0.8728,0.8815,2018-05-10
0.8755,0.8767,0.8726,0.8748,2018-05-09
0.8792,0.8810,0.8747,0.8754,2018-05-08
0.8835,0.8837,0.8777,0.8792,2018-05-07
0.8832,0.8843,0.8814,0.8839,2018-05-04
0.8807,0.8840,0.8802,0.8833,2018-05-03
0.8809,0.8831,0.8782,0.8807,2018-05-02
0.8774,0.8823,0.8759,0.8809,2018-05-01
0.8799,0.8827,0.8764,0.8773,2018-04-30
0.8698,0.8804,0.8681,0.8804,2018-04-27
0.8733,0.8750,0.8679,0.8698,2018-04-26
0.8750,0.8751,0.8726,0.8733,2018-04-25
0.8759,0.8766,0.8739,0.8750,2018-04-24
0.8768,0.8775,0.8743,0.8758,2018-04-23
0.8766,0.8792,0.8734,0.8778,2018-04-20
0.8714,0.8771,0.8687,0.8765,2018-04-19
0.8655,0.8722,0.8642,0.8713,2018-04-18
0.8635,0.8661,0.8619,0.8655,2018-04-17
0.8659,0.8670,0.8626,0.8635,2018-04-16
0.8663,0.8666,0.8626,0.8661,2018-04-13
0.8721,0.8730,0.8642,0.8663,2018-04-12
0.8717,0.8740,0.8699,0.8723,2018-04-11
0.8719,0.8730,0.8691,0.8716,2018-04-10
0.8710,0.8722,0.8697,0.8719,2018-04-09
0.8743,0.8750,0.8700,0.8718,2018-04-06
0.8721,0.8750,0.8714,0.8742,2018-04-05
0.8726,0.8760,0.8714,0.8720,2018-04-04
0.8755,0.8764,0.8712,0.8725,2018-04-03
0.8777,0.8778,0.8751,0.8755,2018-04-02
0.8765,0.8794,0.8761,0.8794,2018-03-30
0.8744,0.8775,0.8739,0.8766,2018-03-29
0.8758,0.8770,0.8732,0.8744,2018-03-28
0.8748,0.8797,0.8744,0.8758,2018-03-27
0.8738,0.8762,0.8716,0.8747,2018-03-26
0.8728,0.8754,0.8708,0.8738,2018-03-23
0.8729,0.8742,0.8667,0.8728,2018-03-22
0.8746,0.8759,0.8706,0.8729,2018-03-21
0.8795,0.8800,0.8743,0.8746,2018-03-20
0.8811,0.8816,0.8743,0.8795,2018-03-19
0.8830,0.8840,0.8807,0.8812,2018-03-16
0.8857,0.8874,0.8822,0.8830,2018-03-15
0.8871,0.8880,0.8843,0.8857,2018-03-14
0.8870,0.8886,0.8850,0.8871,2018-03-13
0.8886,0.8897,0.8848,0.8870,2018-03-12
0.8913,0.8926,0.8874,0.8886,2018-03-09
0.8927,0.8957,0.8905,0.8913,2018-03-08
0.8936,0.8968,0.8918,0.8927,2018-03-07
0.8909,0.8945,0.8904,0.8937,2018-03-06
0.8942,0.8944,0.8883,0.8909,2018-03-05
0.8908,0.8952,0.8894,0.8924,2018-03-02
0.8862,0.8910,0.8836,0.8907,2018-03-01
0.8796,0.8867,0.8777,0.8863,2018-02-28
0.8816,0.8844,0.8785,0.8795,2018-02-27
0.8797,0.8823,0.8770,0.8817,2018-02-26
0.8834,0.8838,0.8785,0.8802,2018-02-23
0.8825,0.8863,0.8821,0.8834,2018-02-22
0.8813,0.8858,0.8803,0.8825,2018-02-21
0.8863,0.8870,0.8804,0.8812,2018-02-20
0.8848,0.8870,0.8844,0.8863,2018-02-19
0.8869,0.8890,0.8828,0.8850,2018-02-16
0.8892,0.8902,0.8856,0.8868,2018-02-15
0.8892,0.8920,0.8873,0.8891,2018-02-14
0.8882,0.8910,0.8857,0.8892,2018-02-13
0.8861,0.8892,0.8842,0.8882,2018-02-12
0.8796,0.8880,0.8777,0.8860,2018-02-09
0.8833,0.8841,0.8731,0.8796,2018-02-08
0.8870,0.8900,0.8832,0.8833,2018-02-07
0.8860,0.8911,0.8853,0.8870,2018-02-06
0.8820,0.8873,0.8812,0.8859,2018-02-05
0.8766,0.8825,0.8755,0.8823,2018-02-02
0.8743,0.8774,0.8715,0.8766,2018-02-01
0.8766,0.8816,0.8735,0.8742,2018-01-31
0.8800,0.8833,0.8753,0.8765,2018-01-30
0.8777,0.8816,0.8766,0.8799,2018-01-29
0.8766,0.8785,0.8722,0.8778,2018-01-26
0.8709,0.8785,0.8686,0.8767,2018-01-25
0.8782,0.8788,0.8698,0.8708,2018-01-24
0.8767,0.8796,0.8760,0.8782,2018-01-23
0.8824,0.8829,0.8761,0.8766,2018-01-22
0.8811,0.8846,0.8804,0.8821,2018-01-19
0.8810,0.8840,0.8801,0.8810,2018-01-18
0.8888,0.8908,0.8807,0.8810,2018-01-17
0.8888,0.8901,0.8861,0.8889,2018-01-16
0.8882,0.8910,0.8871,0.8888,2018-01-15
0.8891,0.8929,0.8855,0.8889,2018-01-12
0.8847,0.8912,0.8844,0.8891,2018-01-11
0.8814,0.8873,0.8812,0.8846,2018-01-10
0.8819,0.8830,0.8807,0.8814,2018-01-09
0.8867,0.8876,0.8814,0.8819,2018-01-08
0.8908,0.8911,0.8859,0.8866,2018-01-05
0.8888,0.8924,0.8879,0.8909,2018-01-04
0.8871,0.8900,0.8847,0.8888,2018-01-03
0.8884,0.8918,0.8858,0.8872,2018-01-02
0.8883,0.8896,0.8874,0.8885,2018-01-01
0.8889,0.8892,0.8856,0.8885,2017-12-29
0.8876,0.8894,0.8864,0.8888,2017-12-28
0.8867,0.8887,0.8853,0.8877,2017-12-27
0.8876,0.8893,0.8858,0.8868,2017-12-26
0.8866,0.8887,0.8849,0.8875,2017-12-25
0.8865,0.8887,0.8834,0.8878,2017-12-22
0.8877,0.8890,0.8861,0.8866,2017-12-21
0.8845,0.8880,0.8827,0.8878,2017-12-20
0.8805,0.8867,0.8802,0.8845,2017-12-19
0.8818,0.8841,0.8791,0.8805,2017-12-18
0.8763,0.8860,0.8761,0.8820,2017-12-15
0.8817,0.8833,0.8758,0.8764,2017-12-14
0.8814,0.8835,0.8780,0.8817,2017-12-13
0.8824,0.8847,0.8790,0.8814,2017-12-12
0.8790,0.8844,0.8772,0.8823,2017-12-11
0.8737,0.8806,0.8687,0.8793,2017-12-08
0.8821,0.8850,0.8731,0.8737,2017-12-07
0.8815,0.8853,0.8799,0.8821,2017-12-06
0.8806,0.8868,0.8778,0.8815,2017-12-05
0.8806,0.8833,0.8754,0.8806,2017-12-04
0.8798,0.8844,0.8788,0.8832,2017-12-01
0.8834,0.8839,0.8775,0.8797,2017-11-30
0.8866,0.8875,0.8816,0.8834,2017-11-29
0.8933,0.8982,0.8846,0.8866,2017-11-28
0.8953,0.8967,0.8923,0.8933,2017-11-27
0.8903,0.8962,0.8891,0.8947,2017-11-24
0.8869,0.8912,0.8866,0.8903,2017-11-23
0.8862,0.8891,0.8853,0.8870,2017-11-22
0.8864,0.8885,0.8840,0.8861,2017-11-21
0.8905,0.8905,0.8855,0.8864,2017-11-20
0.8922,0.8954,0.8896,0.8923,2017-11-17
0.8935,0.8967,0.8911,0.8922,2017-11-16
0.8963,0.9015,0.8933,0.8935,2017-11-15
0.8894,0.8975,0.8888,0.8963,2017-11-14
0.8851,0.8923,0.8849,0.8894,2017-11-13
0.8857,0.8874,0.8810,0.8843,2017-11-10
0.8840,0.8877,0.8823,0.8856,2017-11-09
0.8801,0.8863,0.8799,0.8840,2017-11-08
0.8814,0.8835,0.8790,0.8802,2017-11-07
0.8881,0.8889,0.8809,0.8813,2017-11-06
0.8929,0.8935,0.8871,0.8875,2017-11-03
0.8769,0.8940,0.8766,0.8929,2017-11-02
0.8768,0.8784,0.8732,0.8769,2017-11-01
0.8817,0.8824,0.8764,0.8768,2017-10-31
0.8835,0.8849,0.8792,0.8817,2017-10-30
0.8864,0.8901,0.8825,0.8843,2017-10-27
0.8905,0.8957,0.8849,0.8864,2017-10-26
0.8959,0.8973,0.8879,0.8905,2017-10-25
0.8898,0.8975,0.8893,0.8959,2017-10-24
0.8922,0.8928,0.8884,0.8898,2017-10-23
0.9004,0.9023,0.8922,0.8938,2017-10-20
0.8931,0.9013,0.8923,0.9003,2017-10-19
0.8921,0.8947,0.8897,0.8930,2017-10-18
0.8902,0.8930,0.8856,0.8921,2017-10-17
0.8890,0.8923,0.8854,0.8903,2017-10-16
0.8920,0.8931,0.8874,0.8897,2017-10-13
0.8969,0.9033,0.8912,0.8920,2017-10-12
0.8944,0.8990,0.8938,0.8968,2017-10-11
0.8938,0.8954,0.8924,0.8944,2017-10-10
0.8973,0.8976,0.8905,0.8938,2017-10-09
0.8928,0.8992,0.8925,0.8977,2017-10-06
0.8880,0.8934,0.8874,0.8928,2017-10-05
0.8870,0.8882,0.8849,0.8880,2017-10-04
0.8841,0.8881,0.8821,0.8871,2017-10-03
0.8816,0.8869,0.8800,0.8840,2017-10-02
0.8769,0.8842,0.8766,0.8819,2017-09-29
0.8766,0.8810,0.8758,0.8768,2017-09-28
0.8763,0.8800,0.8744,0.8766,2017-09-27
0.8794,0.8800,0.8753,0.8763,2017-09-26
0.8828,0.8832,0.8774,0.8794,2017-09-25
0.8797,0.8886,0.8793,0.8855,2017-09-22
0.8804,0.8834,0.8782,0.8797,2017-09-21
0.8876,0.8888,0.8796,0.8804,2017-09-20
0.8847,0.8900,0.8841,0.8876,2017-09-19
0.8793,0.8863,0.8778,0.8848,2017-09-18
0.8893,0.8901,0.8773,0.8789,2017-09-15
0.9000,0.9047,0.8865,0.8894,2017-09-14
0.9003,0.9040,0.8982,0.9000,2017-09-13
0.9079,0.9083,0.8982,0.9003,2017-09-12
0.9110,0.9122,0.9073,0.9079,2017-09-11
0.9176,0.9203,0.9108,0.9119,2017-09-08
0.9140,0.9203,0.9117,0.9176,2017-09-07
0.9140,0.9164,0.9123,0.9140,2017-09-06
0.9201,0.9213,0.9131,0.9141,2017-09-05
0.9163,0.9226,0.9161,0.9201,2017-09-04
0.9205,0.9222,0.9148,0.9156,2017-09-01
0.9204,0.9237,0.9184,0.9205,2017-08-31
0.9262,0.9270,0.9189,0.9205,2017-08-30
0.9256,0.9306,0.9246,0.9262,2017-08-29
0.9261,0.9270,0.9228,0.9256,2017-08-28
0.9219,0.9270,0.9193,0.9259,2017-08-25
0.9225,0.9235,0.9188,0.9219,2017-08-24
0.9174,0.9236,0.9159,0.9225,2017-08-23
0.9157,0.9177,0.9151,0.9173,2017-08-22
0.9130,0.9162,0.9109,0.9157,2017-08-21
0.9110,0.9150,0.9090,0.9137,2017-08-18
0.9135,0.9136,0.9061,0.9110,2017-08-17
0.9121,0.9143,0.9082,0.9135,2017-08-16
0.9087,0.9133,0.9050,0.9122,2017-08-15
0.9087,0.9100,0.9069,0.9087,2017-08-14
0.9067,0.9120,0.9050,0.9090,2017-08-11
0.9039,0.9076,0.9006,0.9067,2017-08-10
0.9050,0.9056,0.9008,0.9040,2017-08-09
0.9048,0.9090,0.9036,0.9050,2017-08-08
0.9034,0.9061,0.9024,0.9048,2017-08-07
0.9037,0.9055,0.8995,0.9031,2017-08-04
0.8961,0.9050,0.8922,0.9037,2017-08-03
0.8940,0.8989,0.8933,0.8961,2017-08-02
0.8962,0.8963,0.8921,0.8940,2017-08-01
0.8944,0.8976,0.8931,0.8962,2017-07-31
0.8938,0.8970,0.8926,0.8949,2017-07-28
0.8947,0.8952,0.8889,0.8938,2017-07-27
0.8938,0.8955,0.8903,0.8947,2017-07-26
0.8936,0.8960,0.8926,0.8938,2017-07-25
0.8978,0.8984,0.8919,0.8936,2017-07-24
0.8968,0.8995,0.8938,0.8974,2017-07-21
0.8849,0.8978,0.8830,0.8968,2017-07-20
0.8860,0.8861,0.8827,0.8850,2017-07-19
0.8792,0.8900,0.8780,0.8860,2017-07-18
0.8749,0.8798,0.8742,0.8792,2017-07-17
0.8806,0.8817,0.8741,0.8756,2017-07-14
0.8855,0.8874,0.8800,0.8806,2017-07-13
0.8924,0.8949,0.8838,0.8855,2017-07-12
0.8849,0.8933,0.8814,0.8923,2017-07-11
0.8845,0.8860,0.8831,0.8849,2017-07-10
0.8807,0.8861,0.8795,0.8845,2017-07-07
0.8777,0.8819,0.8754,0.8807,2017-07-06
0.8782,0.8810,0.8760,0.8777,2017-07-05
0.8781,0.8791,0.8763,0.8782,2017-07-04
0.8776,0.8790,0.8755,0.8781,2017-07-03
0.8795,0.8814,0.8761,0.8774,2017-06-30
0.8796,0.8810,0.8778,0.8795,2017-06-29
0.8848,0.8880,0.8769,0.8796,2017-06-28
0.8789,0.8863,0.8781,0.8848,2017-06-27
0.8787,0.8810,0.8771,0.8790,2017-06-26
0.8793,0.8805,0.8762,0.8801,2017-06-23
0.8811,0.8830,0.8783,0.8793,2017-06-22
0.8818,0.8846,0.8770,0.8811,2017-06-21
0.8754,0.8835,0.8737,0.8818,2017-06-20
0.8770,0.8776,0.8733,0.8754,2017-06-19
0.8739,0.8767,0.8717,0.8753,2017-06-16
0.8788,0.8807,0.8721,0.8740,2017-06-15
0.8792,0.8836,0.8764,0.8788,2017-06-14
0.8842,0.8851,0.8779,0.8790,2017-06-13
0.8794,0.8866,0.8778,0.8843,2017-06-12
0.8751,0.8860,0.8744,0.8785,2017-06-09
0.8689,0.8825,0.8641,0.8751,2017-06-08
0.8737,0.8739,0.8675,0.8689,2017-06-07
0.8722,0.8756,0.8690,0.8738,2017-06-06
0.8762,0.8766,0.8692,0.8723,2017-06-05
0.8706,0.8770,0.8693,0.8754,2017-06-02
0.8732,0.8755,0.8682,0.8707,2017-06-01
0.8724,0.8750,0.8702,0.8732,2017-05-31
0.8685,0.8741,0.8654,0.8724,2017-05-30
0.8724,0.8728,0.8676,0.8685,2017-05-29
0.8670,0.8751,0.8664,0.8734,2017-05-26
0.8649,0.8670,0.8638,0.8669,2017-05-25
0.8629,0.8656,0.8601,0.8649,2017-05-24
0.8646,0.8675,0.8617,0.8628,2017-05-23
0.8608,0.8651,0.8598,0.8645,2017-05-22
0.8582,0.8603,0.8567,0.8600,2017-05-19
0.8606,0.8614,0.8523,0.8582,2017-05-18
0.8589,0.8615,0.8558,0.8605,2017-05-17
0.8512,0.8596,0.8502,0.8589,2017-05-16
0.8478,0.8515,0.8455,0.8511,2017-05-15
0.8428,0.8490,0.8425,0.8480,2017-05-12
0.8404,0.8452,0.8395,0.8428,2017-05-11
0.8404,0.8417,0.8382,0.8404,2017-05-10
0.8443,0.8447,0.8399,0.8404,2017-05-09
0.8478,0.8480,0.8432,0.8442,2017-05-08
0.8497,0.8509,0.8463,0.8467,2017-05-05
0.8461,0.8501,0.8454,0.8497,2017-05-04
0.8448,0.8477,0.8435,0.8460,2017-05-03
0.8459,0.8485,0.8420,0.8447,2017-05-02
0.8433,0.8464,0.8422,0.8459,2017-05-01
0.8425,0.8462,0.8403,0.8413,2017-04-28
0.8487,0.8495,0.8414,0.8426,2017-04-27
0.8516,0.8531,0.8457,0.8487,2017-04-26
0.8500,0.8530,0.8476,0.8516,2017-04-25
0.8494,0.8510,0.8450,0.8500,2017-04-24
0.8366,0.8387,0.8349,0.8371,2017-04-21
0.8380,0.8414,0.8356,0.8367,2017-04-20
0.8355,0.8389,0.8336,0.8380,2017-04-19
0.8473,0.8512,0.8308,0.8354,2017-04-18
0.8463,0.8490,0.8458,0.8472,2017-04-17
0.8487,0.8495,0.8465,0.8477,2017-04-14
0.8506,0.8507,0.8472,0.8488,2017-04-13
0.8492,0.8512,0.8475,0.8506,2017-04-12
0.8531,0.8550,0.8485,0.8492,2017-04-11
0.8550,0.8553,0.8522,0.8532,2017-04-10
0.8538,0.8580,0.8529,0.8562,2017-04-07
0.8544,0.8567,0.8509,0.8538,2017-04-06
0.8586,0.8590,0.8530,0.8544,2017-04-05
0.8543,0.8590,0.8535,0.8586,2017-04-04
0.8502,0.8558,0.8499,0.8543,2017-04-03
0.8562,0.8597,0.8476,0.8502,2017-03-31
0.8653,0.8661,0.8554,0.8562,2017-03-30
0.8681,0.8736,0.8623,0.8653,2017-03-29
0.8649,0.8689,0.8614,0.8681,2017-03-28
0.8667,0.8670,0.8623,0.8649,2017-03-27
0.8614,0.8662,0.8610,0.8658,2017-03-24
0.8652,0.8654,0.8602,0.8614,2017-03-23
0.8665,0.8700,0.8641,0.8652,2017-03-22
0.8685,0.8727,0.8648,0.8665,2017-03-21
0.8670,0.8710,0.8657,0.8685,2017-03-20
0.8718,0.8737,0.8658,0.8659,2017-03-17
0.8730,0.8759,0.8667,0.8718,2017-03-16
0.8729,0.8738,0.8663,0.8729,2017-03-15
0.8721,0.8786,0.8716,0.8729,2017-03-14
0.8779,0.8787,0.8707,0.8722,2017-03-13
0.8700,0.8783,0.8695,0.8774,2017-03-10
0.8662,0.8720,0.8653,0.8699,2017-03-09
0.8655,0.8695,0.8651,0.8661,2017-03-08
0.8644,0.8683,0.8637,0.8656,2017-03-07
0.8629,0.8670,0.8623,0.8645,2017-03-06
0.8563,0.8641,0.8557,0.8639,2017-03-03
0.8577,0.8591,0.8546,0.8563,2017-03-02
0.8542,0.8587,0.8508,0.8577,2017-03-01
0.8510,0.8550,0.8504,0.8542,2017-02-28
0.8479,0.8540,0.8475,0.8508,2017-02-27
0.8425,0.8492,0.8420,0.8469,2017-02-24
0.8472,0.8494,0.8420,0.8426,2017-02-23
0.8444,0.8492,0.8401,0.8473,2017-02-22
0.8513,0.8515,0.8439,0.8444,2017-02-21
0.8550,0.8553,0.8505,0.8512,2017-02-20
0.8540,0.8592,0.8518,0.8555,2017-02-17
0.8499,0.8552,0.8485,0.8544,2017-02-16
0.8480,0.8521,0.8464,0.8499,2017-02-15
0.8458,0.8530,0.8454,0.8479,2017-02-14
0.8508,0.8515,0.8453,0.8458,2017-02-13
0.8524,0.8551,0.8500,0.8520,2017-02-10
0.8529,0.8548,0.8493,0.8523,2017-02-09
0.8538,0.8552,0.8507,0.8530,2017-02-08
0.8620,0.8640,0.8530,0.8538,2017-02-07
0.8641,0.8642,0.8590,0.8618,2017-02-06
0.8588,0.8643,0.8572,0.8636,2017-02-03
0.8505,0.8625,0.8498,0.8588,2017-02-02
0.8581,0.8595,0.8491,0.8505,2017-02-01
0.8564,0.8634,0.8544,0.8581,2017-01-31
0.8525,0.8578,0.8487,0.8565,2017-01-30
0.8480,0.8540,0.8475,0.8526,2017-01-27
0.8509,0.8533,0.8468,0.8480,2017-01-26
0.8566,0.8580,0.8495,0.8508,2017-01-25
0.8594,0.8651,0.8563,0.8566,2017-01-24
0.8646,0.8663,0.8581,0.8591,2017-01-23
0.8641,0.8672,0.8628,0.8650,2017-01-20
0.8670,0.8680,0.8608,0.8641,2017-01-19
0.8634,0.8707,0.8628,0.8669,2017-01-18
0.8816,0.8818,0.8624,0.8635,2017-01-17
0.8817,0.8852,0.8762,0.8816,2017-01-16
0.8728,0.8768,0.8692,0.8736,2017-01-13
0.8671,0.8748,0.8653,0.8728,2017-01-12
0.8672,0.8706,0.8647,0.8671,2017-01-11
0.8694,0.8763,0.8661,0.8670,2017-01-10
0.8594,0.8700,0.8581,0.8694,2017-01-09
0.8540,0.8590,0.8532,0.8569,2017-01-06
0.8509,0.8582,0.8507,0.8540,2017-01-05
0.8503,0.8538,0.8479,0.8508,2017-01-04
0.8520,0.8530,0.8448,0.8503,2017-01-03
0.8520,0.8532,0.8488,0.8520,2017-01-02
0.8560,0.8669,0.8513,0.8523,2016-12-30
0.8523,0.8583,0.8509,0.8559,2016-12-29
0.8522,0.8540,0.8488,0.8523,2016-12-28
0.8512,0.8540,0.8498,0.8522,2016-12-27
0.8520,0.8528,0.8490,0.8512,2016-12-26
0.8493,0.8539,0.8488,0.8503,2016-12-23
0.8441,0.8511,0.8431,0.8493,2016-12-22
0.8400,0.8454,0.8397,0.8441,2016-12-21
0.8394,0.8426,0.8372,0.8399,2016-12-20
0.8364,0.8450,0.8359,0.8395,2016-12-19
0.8386,0.8427,0.8353,0.8368,2016-12-16
0.8395,0.8401,0.8330,0.8386,2016-12-15
0.8392,0.8421,0.8350,0.8394,2016-12-14
0.8389,0.8410,0.8340,0.8393,2016-12-13
0.8373,0.8430,0.8360,0.8390,2016-12-12
0.8438,0.8458,0.8370,0.8397,2016-12-09
0.8519,0.8572,0.8423,0.8439,2016-12-08
0.8451,0.8550,0.8449,0.8518,2016-12-07
0.8451,0.8463,0.8404,0.8452,2016-12-06
0.8337,0.8479,0.8303,0.8451,2016-12-05
0.8464,0.8484,0.8371,0.8377,2016-12-02
0.8467,0.8486,0.8367,0.8464,2016-12-01
0.8524,0.8580,0.8454,0.8469,2016-11-30
0.8547,0.8560,0.8465,0.8524,2016-11-29
0.8498,0.8567,0.8495,0.8546,2016-11-28
0.8479,0.8545,0.8467,0.8479,2016-11-25
0.8492,0.8502,0.8458,0.8478,2016-11-24
0.8552,0.8594,0.8463,0.8491,2016-11-23
0.8512,0.8572,0.8493,0.8552,2016-11-22
0.8572,0.8639,0.8488,0.8511,2016-11-21
0.8557,0.8636,0.8525,0.8575,2016-11-18
0.8600,0.8625,0.8546,0.8557,2016-11-17
0.8614,0.8627,0.8571,0.8598,2016-11-16
0.8593,0.8707,0.8567,0.8613,2016-11-15
0.8615,0.8636,0.8580,0.8593,2016-11-14
0.8674,0.8690,0.8566,0.8615,2016-11-11
0.8794,0.8825,0.8660,0.8676,2016-11-10
0.8902,0.9025,0.8762,0.8794,2016-11-09
0.8908,0.8933,0.8882,0.8903,2016-11-08
0.8889,0.8940,0.8878,0.8908,2016-11-07
0.8909,0.8916,0.8855,0.8902,2016-11-04
0.9020,0.9022,0.8857,0.8908,2016-11-03
0.9032,0.9049,0.8978,0.9020,2016-11-02
0.8967,0.9045,0.8946,0.9031,2016-11-01
0.9004,0.9015,0.8953,0.8967,2016-10-31
0.8959,0.9018,0.8943,0.9011,2016-10-28
0.8915,0.8980,0.8892,0.8959,2016-10-27
0.8940,0.8965,0.8898,0.8915,2016-10-26
0.8895,0.8981,0.8888,0.8940,2016-10-25
0.8902,0.8927,0.8882,0.8895,2016-10-24
0.8917,0.8941,0.8878,0.8899,2016-10-21
0.8932,0.9026,0.8908,0.8917,2016-10-20
0.8927,0.8958,0.8898,0.8932,2016-10-19
0.9027,0.9030,0.8911,0.8927,2016-10-18
0.9018,0.9060,0.8999,0.9027,2016-10-17
0.9029,0.9047,0.8973,0.9000,2016-10-14
0.9028,0.9070,0.8998,0.9028,2016-10-13
0.9032,0.9061,0.8964,0.9029,2016-10-12
0.9012,0.9142,0.8994,0.9032,2016-10-11
0.9000,0.9040,0.8978,0.9012,2016-10-10
0.8836,0.9270,0.8833,0.9007,2016-10-07
0.8788,0.8851,0.8783,0.8835,2016-10-06
0.8799,0.8843,0.8775,0.8788,2016-10-05
0.8726,0.8811,0.8707,0.8798,2016-10-04
0.8686,0.8747,0.8675,0.8727,2016-10-03
0.8652,0.8672,0.8603,0.8662,2016-09-30
0.8616,0.8669,0.8592,0.8652,2016-09-29
0.8616,0.8640,0.8587,0.8616,2016-09-28
0.8674,0.8694,0.8607,0.8616,2016-09-27
0.8662,0.8717,0.8644,0.8674,2016-09-26
0.8570,0.8679,0.8561,0.8661,2016-09-23
0.8585,0.8611,0.8560,0.8570,2016-09-22
0.8588,0.8608,0.8565,0.8585,2016-09-21
0.8573,0.8631,0.8561,0.8588,2016-09-20
0.8571,0.8581,0.8533,0.8573,2016-09-19
0.8493,0.8582,0.8484,0.8582,2016-09-16
0.8484,0.8539,0.8468,0.8493,2016-09-15
0.8501,0.8545,0.8466,0.8485,2016-09-14
0.8427,0.8535,0.8418,0.8501,2016-09-13
0.8475,0.8484,0.8418,0.8427,2016-09-12
0.8469,0.8485,0.8438,0.8458,2016-09-09
0.8428,0.8496,0.8419,0.8469,2016-09-08
0.8375,0.8435,0.8372,0.8428,2016-09-07
0.8381,0.8384,0.8333,0.8375,2016-09-06
0.8393,0.8410,0.8350,0.8381,2016-09-05
0.8435,0.8445,0.8374,0.8391,2016-09-02
0.8490,0.8497,0.8386,0.8435,2016-09-01
0.8520,0.8526,0.8471,0.8490,2016-08-31
0.8535,0.8552,0.8495,0.8521,2016-08-30
0.8526,0.8550,0.8521,0.8536,2016-08-29
0.8555,0.8565,0.8517,0.8524,2016-08-26
0.8512,0.8566,0.8498,0.8555,2016-08-25
0.8565,0.8580,0.8484,0.8511,2016-08-24
0.8619,0.8629,0.8560,0.8564,2016-08-23
0.8655,0.8657,0.8608,0.8618,2016-08-22
0.8620,0.8692,0.8608,0.8664,2016-08-19
0.8659,0.8672,0.8589,0.8620,2016-08-18
0.8645,0.8673,0.8627,0.8659,2016-08-17
0.8678,0.8725,0.8628,0.8645,2016-08-16
0.8647,0.8703,0.8619,0.8678,2016-08-15
0.8597,0.8653,0.8582,0.8641,2016-08-12
0.8590,0.8624,0.8575,0.8597,2016-08-11
0.8547,0.8598,0.8515,0.8590,2016-08-10
0.8501,0.8566,0.8496,0.8547,2016-08-09
0.8483,0.8510,0.8467,0.8501,2016-08-08
0.8486,0.8505,0.8461,0.8478,2016-08-05
0.8364,0.8496,0.8342,0.8485,2016-08-04
0.8408,0.8433,0.8362,0.8365,2016-08-03
0.8468,0.8492,0.8398,0.8408,2016-08-02
0.8450,0.8490,0.8415,0.8468,2016-08-01
0.8416,0.8480,0.8387,0.8445,2016-07-29
0.8366,0.8451,0.8355,0.8415,2016-07-28
0.8361,0.8412,0.8348,0.8366,2016-07-27
0.8389,0.8426,0.8351,0.8361,2016-07-26
0.8347,0.8391,0.8335,0.8388,2016-07-25
0.8334,0.8420,0.8299,0.8374,2016-07-22
0.8324,0.8383,0.8299,0.8335,2016-07-21
0.8404,0.8424,0.8304,0.8324,2016-07-20
0.8343,0.8427,0.8340,0.8404,2016-07-19
0.8354,0.8378,0.8319,0.8344,2016-07-18
0.8330,0.8417,0.8260,0.8364,2016-07-15
0.8467,0.8470,0.8251,0.8329,2016-07-14
0.8347,0.8468,0.8298,0.8467,2016-07-13
0.8511,0.8524,0.8334,0.8347,2016-07-12
0.8539,0.8580,0.8483,0.8512,2016-07-11
0.8581,0.8586,0.8502,0.8533,2016-07-08
0.8602,0.8610,0.8489,0.8582,2016-07-07
0.8512,0.8627,0.8504,0.8604,2016-07-06
0.8393,0.8548,0.8387,0.8512,2016-07-05
0.8378,0.8400,0.8352,0.8393,2016-07-04
0.8337,0.8406,0.8312,0.8391,2016-07-01
0.8270,0.8382,0.8239,0.8335,2016-06-30
0.8290,0.8321,0.8204,0.8269,2016-06-29
0.8328,0.8338,0.8256,0.8290,2016-06-28
0.8222,0.8380,0.8185,0.8327,2016-06-27
0.7643,0.8315,0.7636,0.8129,2016-06-24
0.7659,0.7707,0.7598,0.7642,2016-06-23
0.7676,0.7717,0.7638,0.7658,2016-06-22
0.7710,0.7744,0.7653,0.7676,2016-06-21
0.7815,0.7827,0.7690,0.7710,2016-06-20
0.7903,0.7910,0.7841,0.7847,2016-06-17
0.7933,0.7994,0.7888,0.7903,2016-06-16
0.7943,0.7968,0.7891,0.7933,2016-06-15
0.7952,0.7973,0.7908,0.7944,2016-06-14
0.7906,0.7986,0.7879,0.7953,2016-06-13
0.7822,0.7932,0.7808,0.7886,2016-06-10
0.7856,0.7880,0.7805,0.7821,2016-06-09
0.7810,0.7860,0.7793,0.7855,2016-06-08
0.7855,0.7860,0.7752,0.7810,2016-06-07
0.7851,0.7906,0.7849,0.7854,2016-06-06
0.7738,0.7835,0.7718,0.7830,2016-06-03
0.7759,0.7776,0.7718,0.7738,2016-06-02
0.7680,0.7767,0.7669,0.7759,2016-06-01
0.7616,0.7696,0.7571,0.7680,2016-05-31
0.7601,0.7632,0.7587,0.7616,2016-05-30
0.7631,0.7644,0.7597,0.7599,2016-05-27
0.7589,0.7635,0.7577,0.7632,2016-05-26
0.7620,0.7640,0.7563,0.7589,2016-05-25
0.7744,0.7747,0.7608,0.7617,2016-05-24
0.7736,0.7754,0.7703,0.7744,2016-05-23
0.7670,0.7743,0.7667,0.7735,2016-05-20
0.7687,0.7703,0.7647,0.7670,2016-05-19
0.7825,0.7831,0.7680,0.7687,2016-05-18
0.7851,0.7856,0.7799,0.7825,2016-05-17
0.7883,0.7894,0.7849,0.7851,2016-05-16
0.7875,0.7883,0.7856,0.7872,2016-05-13
0.7912,0.7920,0.7844,0.7876,2016-05-12
0.7871,0.7920,0.7863,0.7912,2016-05-11
0.7899,0.7904,0.7867,0.7871,2016-05-10
0.7898,0.7922,0.7866,0.7898,2016-05-09
0.7871,0.7918,0.7863,0.7901,2016-05-06
0.7923,0.7924,0.7860,0.7871,2016-05-05
0.7906,0.7947,0.7891,0.7923,2016-05-04
0.7859,0.7921,0.7840,0.7906,2016-05-03
0.7850,0.7865,0.7819,0.7859,2016-05-02
0.7772,0.7843,0.7763,0.7838,2016-04-29
0.7790,0.7804,0.7752,0.7772,2016-04-28
0.7750,0.7794,0.7736,0.7790,2016-04-27
0.7780,0.7781,0.7733,0.7750,2016-04-26
0.7770,0.7812,0.7753,0.7779,2016-04-25
0.7884,0.7885,0.7779,0.7784,2016-04-22
0.7883,0.7898,0.7852,0.7883,2016-04-21
0.7893,0.7916,0.7861,0.7883,2016-04-20
0.7924,0.7925,0.7880,0.7893,2016-04-19
0.7963,0.7994,0.7913,0.7924,2016-04-18
0.7963,0.7976,0.7937,0.7944,2016-04-15
0.7942,0.7981,0.7939,0.7961,2016-04-14
0.7981,0.7984,0.7922,0.7931,2016-04-13
0.8019,0.8030,0.7959,0.7981,2016-04-12
0.8073,0.8090,0.7993,0.8018,2016-04-11
0.8092,0.8093,0.8046,0.8068,2016-04-08
0.8067,0.8117,0.8043,0.8091,2016-04-07
0.8041,0.8105,0.8021,0.8066,2016-04-06
0.7985,0.8054,0.7978,0.8041,2016-04-05
0.8012,0.8016,0.7957,0.7984,2016-04-04
0.7919,0.8020,0.7916,0.8010,2016-04-01
0.7884,0.7945,0.7877,0.7918,2016-03-31
0.7846,0.7889,0.7832,0.7883,2016-03-30
0.7854,0.7873,0.7830,0.7846,2016-03-29
0.7896,0.7902,0.7843,0.7853,2016-03-28
0.7901,0.7912,0.7884,0.7904,2016-03-25
0.7922,0.7946,0.7880,0.7900,2016-03-24
0.7890,0.7934,0.7880,0.7921,2016-03-23
0.7821,0.7906,0.7812,0.7889,2016-03-22
0.7794,0.7840,0.7789,0.7821,2016-03-21
0.7816,0.7830,0.7772,0.7783,2016-03-18
0.7870,0.7911,0.7806,0.7816,2016-03-17
0.7845,0.7885,0.7841,0.7870,2016-03-16
0.7765,0.7861,0.7761,0.7844,2016-03-15
0.7765,0.7770,0.7733,0.7765,2016-03-14
0.7825,0.7848,0.7736,0.7756,2016-03-11
0.7737,0.7848,0.7652,0.7825,2016-03-10
0.7744,0.7756,0.7698,0.7737,2016-03-09
0.7722,0.7793,0.7718,0.7742,2016-03-08
0.7729,0.7750,0.7711,0.7722,2016-03-07
0.7724,0.7772,0.7719,0.7735,2016-03-04
0.7721,0.7750,0.7703,0.7724,2016-03-03
0.7788,0.7813,0.7689,0.7720,2016-03-02
0.7814,0.7821,0.7756,0.7788,2016-03-01
0.7874,0.7898,0.7790,0.7814,2016-02-29
0.7896,0.7923,0.7842,0.7882,2016-02-26
0.7908,0.7930,0.7878,0.7896,2016-02-25
0.7857,0.7925,0.7852,0.7907,2016-02-24
0.7793,0.7865,0.7774,0.7857,2016-02-23
0.7773,0.7843,0.7766,0.7793,2016-02-22
0.7751,0.7793,0.7721,0.7725,2016-02-19
0.7789,0.7817,0.7706,0.7751,2016-02-18
0.7786,0.7845,0.7759,0.7788,2016-02-17
0.7732,0.7812,0.7693,0.7786,2016-02-16
0.7747,0.7750,0.7696,0.7732,2016-02-15
0.7814,0.7828,0.7741,0.7761,2016-02-12
0.7758,0.7897,0.7755,0.7813,2016-02-11
0.7801,0.7819,0.7711,0.7758,2016-02-10
0.7761,0.7851,0.7729,0.7800,2016-02-09
0.7684,0.7767,0.7659,0.7762,2016-02-08
0.7683,0.7716,0.7669,0.7697,2016-02-05
0.7596,0.7702,0.7592,0.7683,2016-02-04
0.7580,0.7615,0.7524,0.7596,2016-02-03
0.7551,0.7616,0.7547,0.7579,2016-02-02
0.7606,0.7623,0.7539,0.7551,2016-02-01
0.7617,0.7650,0.7560,0.7600,2016-01-29
0.7653,0.7663,0.7593,0.7617,2016-01-28
0.7572,0.7666,0.7562,0.7653,2016-01-27
0.7618,0.7664,0.7548,0.7571,2016-01-26
0.7563,0.7621,0.7551,0.7618,2016-01-25
0.7641,0.7649,0.7524,0.7562,2016-01-22
0.7676,0.7742,0.7615,0.7640,2016-01-21
0.7704,0.7756,0.7668,0.7675,2016-01-20
0.7639,0.7713,0.7582,0.7704,2016-01-19
0.7652,0.7664,0.7593,0.7639,2016-01-18
0.7533,0.7695,0.7523,0.7656,2016-01-15
0.7545,0.7610,0.7520,0.7533,2016-01-14
0.7519,0.7552,0.7464,0.7545,2016-01-13
0.7465,0.7550,0.7450,0.7519,2016-01-12
0.7546,0.7555,0.7440,0.7466,2016-01-11
0.7466,0.7530,0.7418,0.7521,2016-01-08
0.7365,0.7483,0.7361,0.7466,2016-01-07
0.7327,0.7379,0.7317,0.7365,2016-01-06
0.7358,0.7364,0.7310,0.7327,2016-01-05
0.7373,0.7424,0.7344,0.7358,2016-01-04
0.7372,0.7373,0.7357,0.7371,2016-01-01
0.7377,0.7384,0.7332,0.7370,2015-12-31
0.7373,0.7388,0.7347,0.7377,2015-12-30
0.7375,0.7410,0.7350,0.7373,2015-12-29
0.7345,0.7381,0.7339,0.7373,2015-12-28
0.7353,0.7356,0.7316,0.7353,2015-12-25
0.7331,0.7371,0.7317,0.7351,2015-12-24
0.7385,0.7388,0.7305,0.7331,2015-12-23
0.7329,0.7416,0.7318,0.7385,2015-12-22
0.7282,0.7346,0.7277,0.7329,2015-12-21
0.7267,0.7298,0.7238,0.7295,2015-12-18
0.7269,0.7296,0.7236,0.7267,2015-12-17
0.7269,0.7306,0.7256,0.7269,2015-12-16
0.7250,0.7302,0.7214,0.7269,2015-12-15
0.7221,0.7301,0.7205,0.7249,2015-12-14
0.7217,0.7251,0.7206,0.7220,2015-12-11
0.7256,0.7260,0.7202,0.7218,2015-12-10
0.7255,0.7274,0.7219,0.7256,2015-12-09
0.7198,0.7280,0.7194,0.7256,2015-12-08
0.7197,0.7211,0.7162,0.7197,2015-12-07
0.7217,0.7236,0.7178,0.7199,2015-12-04
0.7099,0.7251,0.7049,0.7217,2015-12-03
0.7047,0.7111,0.7028,0.7098,2015-12-02
0.7018,0.7052,0.7005,0.7046,2015-12-01
0.7044,0.7052,0.7011,0.7017,2015-11-30
0.7023,0.7051,0.7016,0.7044,2015-11-27
0.7022,0.7044,0.7013,0.7022,2015-11-26
0.7057,0.7080,0.7001,0.7022,2015-11-25
0.7031,0.7080,0.7013,0.7056,2015-11-24
0.7008,0.7035,0.6990,0.7030,2015-11-23
0.7017,0.7021,0.6983,0.7008,2015-11-20
0.6999,0.7026,0.6981,0.7017,2015-11-19
0.6996,0.7020,0.6980,0.6999,2015-11-18
0.7028,0.7033,0.6983,0.6995,2015-11-17
0.7051,0.7080,0.7020,0.7028,2015-11-16
0.7096,0.7100,0.7039,0.7067,2015-11-13
0.7069,0.7110,0.7038,0.7096,2015-11-12
0.7089,0.7105,0.7048,0.7068,2015-11-11
0.7115,0.7128,0.7065,0.7089,2015-11-10
0.7131,0.7154,0.7107,0.7115,2015-11-09
0.7154,0.7197,0.7108,0.7136,2015-11-06
0.7062,0.7160,0.7039,0.7154,2015-11-05
0.7109,0.7114,0.7052,0.7060,2015-11-04
0.7144,0.7148,0.7098,0.7108,2015-11-03
0.7138,0.7164,0.7105,0.7144,2015-11-02
0.7172,0.7200,0.7121,0.7130,2015-10-30
0.7157,0.7192,0.7142,0.7172,2015-10-29
0.7209,0.7250,0.7144,0.7157,2015-10-28
0.7206,0.7227,0.7189,0.7209,2015-10-27
0.7194,0.7211,0.7176,0.7205,2015-10-26
0.7215,0.7232,0.7167,0.7195,2015-10-23
0.7355,0.7358,0.7199,0.7215,2015-10-22
0.7350,0.7373,0.7331,0.7355,2015-10-21
0.7325,0.7356,0.7312,0.7350,2015-10-20
0.7354,0.7373,0.7301,0.7325,2015-10-19
0.7350,0.7370,0.7336,0.7351,2015-10-16
0.7414,0.7424,0.7340,0.7350,2015-10-15
0.7465,0.7475,0.7399,0.7416,2015-10-14
0.7402,0.7493,0.7390,0.7463,2015-10-13
0.7416,0.7425,0.7394,0.7401,2015-10-12
0.7354,0.7430,0.7334,0.7414,2015-10-09
0.7336,0.7380,0.7334,0.7353,2015-10-08
0.7397,0.7404,0.7330,0.7336,2015-10-07
0.7388,0.7409,0.7368,0.7397,2015-10-06
0.7386,0.7423,0.7371,0.7388,2015-10-05
0.7393,0.7443,0.7352,0.7381,2015-10-02
0.7386,0.7399,0.7354,0.7394,2015-10-01
0.7426,0.7430,0.7359,0.7386,2015-09-30
0.7408,0.7437,0.7379,0.7426,2015-09-29
0.7363,0.7413,0.7334,0.7407,2015-09-28
0.7340,0.7398,0.7300,0.7374,2015-09-25
0.7336,0.7411,0.7320,0.7340,2015-09-24
0.7250,0.7347,0.7234,0.7336,2015-09-23
0.7210,0.7260,0.7194,0.7250,2015-09-22
0.7275,0.7285,0.7208,0.7211,2015-09-21
0.7329,0.7341,0.7261,0.7283,2015-09-18
0.7283,0.7339,0.7273,0.7329,2015-09-17
0.7345,0.7359,0.7265,0.7285,2015-09-16
0.7333,0.7357,0.7311,0.7345,2015-09-15
0.7345,0.7360,0.7323,0.7332,2015-09-14
0.7313,0.7356,0.7293,0.7349,2015-09-11
0.7304,0.7320,0.7240,0.7311,2015-09-10
0.7279,0.7306,0.7238,0.7305,2015-09-09
0.7313,0.7330,0.7239,0.7279,2015-09-08
0.7338,0.7357,0.7297,0.7312,2015-09-07
0.7289,0.7351,0.7282,0.7342,2015-09-04
0.7330,0.7375,0.7275,0.7289,2015-09-03
0.7383,0.7388,0.7324,0.7329,2015-09-02
0.7307,0.7395,0.7301,0.7383,2015-09-01
0.7263,0.7322,0.7257,0.7307,2015-08-31
0.7295,0.7354,0.7257,0.7264,2015-08-28
0.7326,0.7335,0.7275,0.7296,2015-08-27
0.7344,0.7365,0.7290,0.7325,2015-08-26
0.7361,0.7361,0.7257,0.7344,2015-08-25
0.7261,0.7422,0.7253,0.7361,2015-08-24
