Date,Open,High,Low,Close,Volume,Dividends,Stock Splits
2015-08-24,190.814,191.04,183.847,190.819,0,0,0
2015-08-25,187.3,189.956,187.11,187.34,0,0,0
2015-08-26,186.278,188.07,184.203,186.031,0,0,0
2015-08-27,185.728,186.634,185.46,185.82,0,0,0
2015-08-28,186.434,186.97,185.378,186.467,0,0,0
2015-08-31,186.95,187.11,186.191,186.964,0,0,0
2015-09-01,186.03,186.162,183.255,186.056,0,0,0
2015-09-02,183.202,184.245,182.82,183.17,0,0,0
2015-09-03,184.609,184.697,182.766,184.54,0,0,0
2015-09-04,183.23,183.247,180.576,183.2,0,0,0
2015-09-07,181.03,182.517,180.421,181.09,0,0,0
2015-09-08,182.416,184.899,181.841,182.401,0,0,0
2015-09-09,184.875,186.406,184.8,184.89,0,0,0
2015-09-10,184.625,187.27,184.22,184.69,0,0,0
2015-09-11,186.28,186.832,185.715,186.231,0,0,0
2015-09-14,186.54,186.596,184.602,186.567,0,0,0
2015-09-15,185.59,186.082,184.21,185.642,0,0,0
2015-09-16,184.731,187.16,184.23,184.786,0,0,0
2015-09-17,187.01,187.937,186.72,187.044,0,0,0
2015-09-18,186.933,187.13,185.93,186.85,0,0,0
2015-09-21,186.24,187.32,186.01,186.325,0,0,0
2015-09-22,186.841,186.934,184.11,186.84,0,0,0
2015-09-23,184.363,184.643,182.94,184.345,0,0,0
2015-09-24,183.29,183.525,181.623,183.285,0,0,0
2015-09-25,183.167,184.387,182.64,183.098,0,0,0
2015-09-28,182.94,183.259,181.85,182.97,0,0,0
2015-09-29,181.666,182.44,180.98,181.69,0,0,0
2015-09-30,181.62,182.998,180.849,181.65,0,0,0
2015-10-01,181.252,181.999,181.06,181.247,0,0,0
2015-10-02,181.374,182.574,180.713,181.363,0,0,0
2015-10-05,182.23,183.199,182.2,182.248,0,0,0
2015-10-06,182.518,183.172,181.96,182.52,0,0,0
2015-10-07,183.09,184.01,182.586,183.079,0,0,0
2015-10-08,183.67,184.096,183.019,183.639,0,0,0
2015-10-09,184.077,184.833,184.0,184.082,0,0,0
2015-10-12,184.053,184.661,183.91,184.12,0,0,0
2015-10-13,184.06,184.327,181.851,184.058,0,0,0
2015-10-14,182.682,184.292,182.32,182.62,0,0,0
2015-10-15,183.898,184.33,182.75,183.923,0,0,0
2015-10-16,184.18,184.696,183.673,184.17,0,0,0
2015-10-19,184.04,185.088,183.836,184.127,0,0,0
2015-10-20,184.865,185.569,184.7,184.84,0,0,0
2015-10-21,185.0,185.548,184.813,185.01,0,0,0
2015-10-22,184.832,185.725,184.49,184.814,0,0,0
2015-10-23,185.974,186.172,185.237,185.89,0,0,0
2015-10-26,185.75,185.889,185.203,185.762,0,0,0
2015-10-27,185.706,185.706,183.94,185.734,0,0,0
2015-10-28,184.464,184.698,183.92,184.448,0,0,0
2015-10-29,184.565,185.332,184.08,184.54,0,0,0
2015-10-30,185.4,186.26,184.588,185.36,0,0,0
2015-11-02,186.06,186.957,185.56,186.033,0,0,0
2015-11-03,186.299,186.594,185.884,186.268,0,0,0
2015-11-04,186.669,187.25,186.49,186.689,0,0,0
2015-11-05,186.976,187.658,185.262,186.937,0,0,0
2015-11-06,185.06,185.697,184.3,185.05,0,0,0
2015-11-09,185.432,186.588,185.395,185.4,0,0,0
2015-11-10,186.031,186.47,185.88,186.072,0,0,0
2015-11-11,186.289,186.991,185.958,186.307,0,0,0
2015-11-12,186.848,187.476,186.555,186.841,0,0,0
2015-11-13,186.718,186.971,186.4,186.687,0,0,0
2015-11-16,186.113,187.169,186.113,186.17,0,0,0
2015-11-17,187.33,187.866,186.88,187.375,0,0,0
2015-11-18,187.818,187.936,187.28,187.834,0,0,0
2015-11-19,188.2,188.784,187.651,188.22,0,0,0
2015-11-20,187.861,188.06,186.87,187.868,0,0,0
2015-11-23,186.69,186.962,186.071,186.696,0,0,0
2015-11-24,185.94,185.98,184.4,185.917,0,0,0
2015-11-25,184.734,185.76,184.49,184.75,0,0,0
2015-11-26,185.49,185.57,184.7,185.519,0,0,0
2015-11-27,185.17,185.302,184.252,185.155,0,0,0
2015-11-30,184.67,185.48,184.32,184.66,0,0,0
2015-12-01,185.47,186.012,184.96,185.504,0,0,0
2015-12-02,185.31,185.616,184.469,185.28,0,0,0
2015-12-03,184.17,185.547,184.0,184.19,0,0,0
2015-12-04,185.598,186.23,185.12,185.598,0,0,0
2015-12-07,186.13,186.333,185.72,186.11,0,0,0
2015-12-08,185.548,185.586,183.771,185.531,0,0,0
2015-12-09,184.499,185.318,184.06,184.448,0,0,0
2015-12-10,184.714,184.937,183.39,184.7,0,0,0
2015-12-11,184.498,185.049,183.76,184.49,0,0,0
2015-12-14,183.682,184.361,182.468,183.68,0,0,0
2015-12-15,183.585,184.17,182.616,183.546,0,0,0
2015-12-16,183.04,183.575,182.626,183.024,0,0,0
2015-12-17,183.39,183.638,182.39,183.34,0,0,0
2015-12-18,182.8,183.664,180.71,182.76,0,0,0
2015-12-21,180.79,181.19,180.296,180.79,0,0,0
2015-12-22,180.48,180.577,179.13,180.539,0,0,0
2015-12-23,179.329,180.141,179.3,179.372,0,0,0
2015-12-24,179.871,179.914,178.94,179.858,0,0,0
2015-12-25,179.398,179.77,179.151,179.398,0,0,0
2015-12-28,179.42,180.034,179.066,179.459,0,0,0
2015-12-29,179.224,179.529,178.09,179.234,0,0,0
2015-12-30,178.609,179.024,178.25,178.654,0,0,0
2015-12-31,178.47,178.687,177.22,178.44,0,0,0
2016-01-01,177.275,177.275,177.1,177.275,0,0,0
2016-01-04,177.26,177.334,175.105,177.268,0,0,0
2016-01-05,175.765,176.141,174.184,175.74,0,0,0
2016-01-06,174.73,174.83,173.133,174.725,0,0,0
2016-01-07,173.486,173.72,170.74,173.48,0,0,0
2016-01-08,171.848,173.29,171.122,171.899,0,0,0
2016-01-11,170.01,172.233,169.826,170.01,0,0,0
2016-01-12,171.12,171.641,169.18,171.098,0,0,0
2016-01-13,170.092,171.262,169.896,170.09,0,0,0
2016-01-14,169.19,170.202,168.84,169.17,0,0,0
2016-01-15,170.508,170.548,167.26,170.47,0,0,0
2016-01-18,166.992,168.112,166.74,166.96,0,0,0
2016-01-19,167.299,169.065,166.372,167.26,0,0,0
2016-01-20,166.659,166.679,164.0,166.692,0,0,0
2016-01-21,166.408,166.748,164.46,166.298,0,0,0
2016-01-22,167.751,170.342,167.091,167.726,0,0,0
2016-01-25,168.95,169.991,168.317,169.018,0,0,0
2016-01-26,168.35,169.837,167.02,168.321,0,0,0
2016-01-27,169.77,170.019,168.563,169.76,0,0,0
2016-01-28,168.754,171.11,168.69,168.759,0,0,0
2016-01-29,170.74,174.14,170.09,170.74,0,0,0
2016-02-01,172.84,173.994,172.42,172.861,0,0,0
2016-02-02,174.316,174.548,172.77,174.322,0,0,0
2016-02-03,172.62,173.702,171.09,172.683,0,0,0
2016-02-04,172.333,172.448,170.58,172.27,0,0,0
2016-02-05,170.345,170.478,169.332,170.362,0,0,0
2016-02-08,169.67,170.628,166.08,169.669,0,0,0
2016-02-09,166.929,167.121,164.54,166.951,0,0,0
2016-02-10,166.55,167.621,165.328,166.612,0,0,0
2016-02-11,164.41,164.85,159.98,164.462,0,0,0
2016-02-12,162.84,164.03,161.806,162.865,0,0,0
2016-02-15,165.041,165.727,164.376,164.97,0,0,0
2016-02-16,165.272,166.073,162.56,165.188,0,0,0
2016-02-17,163.234,163.726,161.634,163.14,0,0,0
2016-02-18,163.19,163.951,162.248,163.199,0,0,0
2016-02-19,162.304,162.304,160.797,162.266,0,0,0
2016-02-22,160.485,161.541,159.22,160.437,0,0,0
2016-02-23,159.779,159.852,157.643,159.838,0,0,0
2016-02-24,156.7,157.258,154.902,156.758,0,0,0
2016-02-25,156.088,157.613,155.81,156.128,0,0,0
2016-02-26,158.01,158.518,157.221,157.931,0,0,0
2016-02-29,157.6,157.685,156.268,157.575,0,0,0
2016-03-01,156.564,158.723,156.241,156.56,0,0,0
2016-03-02,159.0,160.462,158.748,159.062,0,0,0
2016-03-03,159.772,161.0,159.7,159.748,0,0,0
2016-03-04,161.094,161.68,160.46,161.08,0,0,0
2016-03-07,161.739,161.739,160.38,161.744,0,0,0
2016-03-08,161.817,161.817,159.6,161.73,0,0,0
2016-03-09,160.05,160.971,159.49,159.99,0,0,0
2016-03-10,160.85,162.76,160.74,160.873,0,0,0
2016-03-11,161.181,163.332,161.15,161.24,0,0,0
2016-03-14,163.581,163.962,162.651,163.58,0,0,0
2016-03-15,162.538,162.633,159.572,162.529,0,0,0
2016-03-16,160.095,160.636,159.638,160.099,0,0,0
2016-03-17,160.72,161.544,159.06,160.698,0,0,0
2016-03-18,161.213,161.718,160.34,161.15,0,0,0
2016-03-21,161.153,161.196,160.147,161.192,0,0,0
2016-03-22,161.07,161.472,158.466,161.103,0,0,0
2016-03-23,159.61,159.973,158.8,159.642,0,0,0
2016-03-24,158.66,159.384,158.467,158.63,0,0,0
2016-03-25,159.454,160.063,159.4,159.412,0,0,0
2016-03-28,160.308,161.607,160.16,160.26,0,0,0
2016-03-29,161.61,162.376,161.34,161.63,0,0,0
2016-03-30,162.035,162.557,161.34,162.095,0,0,0
2016-03-31,161.448,162.004,160.89,161.491,0,0,0
2016-04-01,161.579,161.579,158.98,161.57,0,0,0
2016-04-04,158.86,159.552,158.202,158.87,0,0,0
2016-04-05,158.651,158.651,155.76,158.66,0,0,0
2016-04-06,156.228,156.63,154.64,156.235,0,0,0
2016-04-07,155.064,155.158,151.729,155.052,0,0,0
2016-04-08,152.472,154.169,152.37,152.36,0,0,0
2016-04-11,153.03,154.43,151.999,153.022,0,0,0
2016-04-12,153.61,155.516,153.56,153.624,0,0,0
2016-04-13,155.032,155.735,154.79,154.96,0,0,0
2016-04-14,155.245,155.304,153.9,155.25,0,0,0
2016-04-15,154.594,155.28,154.09,154.57,0,0,0
2016-04-18,153.29,155.432,152.524,153.104,0,0,0
2016-04-19,155.79,157.692,155.65,155.82,0,0,0
2016-04-20,157.068,157.452,156.21,157.16,0,0,0
2016-04-21,157.447,158.362,156.648,157.469,0,0,0
2016-04-22,156.78,160.822,156.51,156.728,0,0,0
2016-04-25,161.003,161.283,160.04,160.934,0,0,0
2016-04-26,160.94,162.521,160.476,160.97,0,0,0
2016-04-27,162.08,162.79,161.64,162.08,0,0,0
2016-04-28,162.133,162.509,157.06,162.14,0,0,0
2016-04-29,157.93,157.961,156.073,157.87,0,0,0
2016-05-02,155.441,156.58,155.157,155.421,0,0,0
2016-05-03,156.032,156.032,154.43,155.99,0,0,0
2016-05-04,155.204,155.95,154.42,155.191,0,0,0
2016-05-05,155.1,155.848,154.88,155.073,0,0,0
2016-05-06,155.534,155.608,153.64,155.43,0,0,0
2016-05-09,154.83,156.407,154.44,154.91,0,0,0
2016-05-10,156.18,157.87,156.12,156.142,0,0,0
2016-05-11,157.78,157.83,156.4,157.775,0,0,0
2016-05-12,156.529,158.449,156.26,156.504,0,0,0
2016-05-13,157.607,157.607,156.255,157.58,0,0,0
2016-05-16,155.922,156.92,155.87,155.87,0,0,0
2016-05-17,157.537,158.949,157.3,157.559,0,0,0
2016-05-18,157.597,160.273,157.064,157.46,0,0,0
2016-05-19,160.819,161.591,160.169,160.73,0,0,0
2016-05-20,160.443,161.031,160.26,160.387,0,0,0
2016-05-23,159.467,159.59,158.116,159.468,0,0,0
2016-05-24,158.305,160.928,158.11,158.365,0,0,0
2016-05-25,160.98,162.48,160.47,160.95,0,0,0
2016-05-26,161.796,162.146,160.898,161.829,0,0,0
2016-05-27,160.846,161.393,160.182,160.876,0,0,0
2016-05-30,161.963,162.887,161.74,161.97,0,0,0
2016-05-31,162.226,163.85,160.92,162.16,0,0,0
2016-06-01,160.241,160.58,157.242,160.271,0,0,0
2016-06-02,157.742,157.801,156.58,157.837,0,0,0
2016-06-03,156.906,157.264,154.897,156.822,0,0,0
2016-06-06,153.542,155.38,153.365,153.46,0,0,0
2016-06-07,155.285,157.502,154.99,155.354,0,0,0
2016-06-08,155.953,156.237,155.057,155.95,0,0,0
2016-06-09,155.007,155.137,153.666,154.97,0,0,0
2016-06-10,154.843,154.982,152.95,154.84,0,0,0
2016-06-13,151.082,152.358,149.48,151.107,0,0,0
2016-06-14,150.834,151.241,149.2,150.882,0,0,0
2016-06-15,149.755,151.15,149.52,149.811,0,0,0
2016-06-16,150.24,150.24,145.4,150.23,0,0,0
2016-06-17,149.652,149.652,148.26,149.67,0,0,0
2016-06-20,152.643,153.538,152.042,152.598,0,0,0
2016-06-21,152.28,154.354,151.953,152.335,0,0,0
2016-06-22,153.45,154.476,152.887,153.47,0,0,0
2016-06-23,154.676,157.963,153.733,154.72,0,0,0
2016-06-24,152.655,154.185,133.352,152.621,0,0,0
2016-06-27,137.334,137.666,133.44,137.294,0,0,0
2016-06-28,134.56,137.415,134.32,134.711,0,0,0
2016-06-29,137.056,138.97,135.879,137.071,0,0,0
2016-06-30,138.215,138.784,135.935,138.357,0,0,0
2016-07-01,137.416,137.57,135.956,137.342,0,0,0
2016-07-04,136.11,136.673,135.9,136.119,0,0,0
2016-07-05,136.133,136.134,132.184,136.13,0,0,0
2016-07-06,131.183,131.445,128.896,131.004,0,0,0
2016-07-07,130.561,131.911,129.996,130.704,0,0,0
2016-07-08,130.1,130.744,129.789,130.158,0,0,0
2016-07-11,130.287,133.533,130.2,130.324,0,0,0
2016-07-12,133.09,138.762,133.06,133.072,0,0,0
2016-07-13,138.943,139.438,136.979,139.084,0,0,0
2016-07-14,136.486,141.607,136.486,136.513,0,0,0
2016-07-15,140.447,143.21,139.309,140.466,0,0,0
2016-07-18,139.533,141.226,139.241,139.487,0,0,0
2016-07-19,140.799,140.83,139.296,140.8,0,0,0
2016-07-20,139.085,140.767,138.376,139.099,0,0,0
2016-07-21,141.903,142.237,139.129,142.119,0,0,0
2016-07-22,139.995,141.03,138.426,140.078,0,0,0
2016-07-25,139.446,140.087,138.845,139.577,0,0,0
2016-07-26,138.363,138.363,136.047,138.358,0,0,0
2016-07-27,137.833,139.866,137.755,137.871,0,0,0
2016-07-28,138.9,139.018,137.497,138.892,0,0,0
2016-07-29,137.916,138.261,135.185,137.828,0,0,0
2016-08-01,135.258,136.222,134.516,135.216,0,0,0
2016-08-02,134.91,135.506,133.952,134.927,0,0,0
2016-08-03,134.791,135.429,134.198,134.775,0,0,0
2016-08-04,135.044,135.245,132.597,135.021,0,0,0
2016-08-05,132.861,133.18,132.271,132.844,0,0,0
2016-08-08,133.393,133.985,133.221,133.645,0,0,0
2016-08-09,133.28,133.379,132.112,133.285,0,0,0
2016-08-10,132.605,132.804,131.581,132.541,0,0,0
2016-08-11,131.68,132.019,131.017,131.657,0,0,0
2016-08-12,131.883,132.52,130.362,131.853,0,0,0
2016-08-15,130.724,131.179,129.981,130.737,0,0,0
2016-08-16,130.41,130.689,129.282,130.41,0,0,0
2016-08-17,130.552,131.779,130.288,130.557,0,0,0
2016-08-18,130.281,132.139,130.13,130.27,0,0,0
2016-08-19,131.789,132.003,130.353,131.75,0,0,0
2016-08-22,131.334,132.136,131.183,131.266,0,0,0
2016-08-23,131.709,132.297,131.45,131.655,0,0,0
2016-08-24,132.423,133.25,131.979,132.349,0,0,0
2016-08-25,133.077,133.229,132.391,133.074,0,0,0
2016-08-26,132.655,133.419,132.38,132.64,0,0,0
2016-08-29,133.77,134.382,133.429,133.8,0,0,0
2016-08-30,133.423,134.769,133.34,133.428,0,0,0
2016-08-31,134.666,135.785,134.61,134.674,0,0,0
2016-09-01,135.673,137.961,135.397,135.652,0,0,0
2016-09-02,137.057,138.795,136.916,137.03,0,0,0
2016-09-05,138.197,138.341,137.347,138.17,0,0,0
2016-09-06,137.79,138.291,137.004,137.779,0,0,0
2016-09-07,136.216,136.362,135.47,136.236,0,0,0
2016-09-08,135.805,136.022,135.062,135.827,0,0,0
2016-09-09,136.128,137.106,135.752,136.125,0,0,0
2016-09-12,136.045,136.224,135.098,135.961,0,0,0
2016-09-13,135.706,136.061,134.502,135.709,0,0,0
2016-09-14,135.252,136.601,134.96,135.23,0,0,0
2016-09-15,135.94,136.099,134.753,135.98,0,0,0
2016-09-16,135.088,135.159,133.669,135.102,0,0,0
2016-09-19,133.152,133.45,132.796,133.121,0,0,0
2016-09-20,132.858,133.086,131.636,132.82,0,0,0
2016-09-21,131.906,133.226,130.425,131.832,0,0,0
2016-09-22,130.876,132.243,130.546,130.846,0,0,0
2016-09-23,131.841,132.193,130.47,131.927,0,0,0
2016-09-26,130.956,131.223,129.714,130.93,0,0,0
2016-09-27,130.149,131.181,129.68,130.12,0,0,0
2016-09-28,130.682,131.159,130.576,130.67,0,0,0
2016-09-29,131.601,132.411,131.577,131.605,0,0,0
2016-09-30,131.167,131.883,130.45,131.17,0,0,0
2016-10-03,131.276,131.388,130.118,131.312,0,0,0
2016-10-04,130.94,131.337,130.344,130.867,0,0,0
2016-10-05,130.885,132.098,130.521,130.95,0,0,0
2016-10-06,131.924,132.059,131.147,131.947,0,0,0
2016-10-07,128.605,129.58,126.83,128.579,0,0,0
2016-10-10,128.12,128.594,127.5,128.089,0,0,0
2016-10-11,128.072,128.357,126.092,127.94,0,0,0
2016-10-12,126.77,127.558,126.507,126.808,0,0,0
2016-10-13,127.14,127.422,125.957,127.107,0,0,0
2016-10-14,126.844,127.901,126.696,126.76,0,0,0
2016-10-17,126.727,126.966,126.317,126.702,0,0,0
2016-10-18,126.92,128.144,126.771,126.875,0,0,0
2016-10-19,127.771,127.88,126.779,127.785,0,0,0
2016-10-20,127.137,127.458,126.642,127.067,0,0,0
2016-10-21,127.626,127.626,126.135,127.595,0,0,0
2016-10-24,126.958,127.408,126.636,126.95,0,0,0
2016-10-25,127.513,127.928,126.628,127.439,0,0,0
2016-10-26,126.795,127.827,126.64,126.799,0,0,0
2016-10-27,127.943,128.41,127.448,127.925,0,0,0
2016-10-28,128.04,128.27,127.62,128.027,0,0,0
2016-10-31,127.609,128.243,127.51,127.696,0,0,0
2016-11-01,128.259,128.997,127.692,128.251,0,0,0
2016-11-02,127.359,127.485,126.806,127.37,0,0,0
2016-11-03,127.195,128.851,126.49,127.187,0,0,0
2016-11-04,128.442,129.423,128.316,128.464,0,0,0
2016-11-07,130.094,130.136,129.351,130.1,0,0,0
2016-11-08,129.492,130.007,129.281,129.481,0,0,0
2016-11-09,130.02,130.35,126.78,130.078,0,0,0
2016-11-10,131.435,133.42,130.309,131.44,0,0,0
2016-11-11,134.039,134.86,133.486,134.11,0,0,0
2016-11-14,134.39,135.399,134.214,134.353,0,0,0
2016-11-15,135.42,135.434,134.222,135.436,0,0,0
2016-11-16,135.72,136.731,135.654,135.777,0,0,0
2016-11-17,135.298,136.418,135.0,135.33,0,0,0
2016-11-18,136.785,137.561,135.453,136.8,0,0,0
2016-11-21,136.67,138.647,136.306,136.731,0,0,0
2016-11-22,138.241,138.802,137.659,138.221,0,0,0
2016-11-23,137.877,140.07,137.284,137.892,0,0,0
2016-11-24,139.82,141.279,139.779,139.933,0,0,0
2016-11-25,141.03,141.697,140.039,141.05,0,0,0
2016-11-28,140.582,140.67,139.104,140.577,0,0,0
2016-11-29,138.58,141.308,138.58,138.576,0,0,0
2016-11-30,140.507,142.325,139.988,140.461,0,0,0
2016-12-01,143.495,145.161,142.651,143.545,0,0,0
2016-12-02,143.402,144.188,142.938,143.384,0,0,0
2016-12-05,143.809,145.991,143.64,143.79,0,0,0
2016-12-06,144.914,145.599,144.486,144.884,0,0,0
2016-12-07,144.544,144.771,143.022,144.49,0,0,0
2016-12-08,143.66,144.424,143.133,143.586,0,0,0
2016-12-09,143.509,145.086,143.474,143.505,0,0,0
2016-12-12,145.36,146.322,144.926,145.373,0,0,0
2016-12-13,145.741,146.677,145.552,145.758,0,0,0
2016-12-14,145.841,146.184,145.22,145.873,0,0,0
2016-12-15,146.937,148.437,146.827,146.928,0,0,0
2016-12-16,146.917,147.275,146.277,146.889,0,0,0
2016-12-19,147.134,147.166,144.52,147.11,0,0,0
2016-12-20,144.977,146.336,144.924,144.979,0,0,0
2016-12-21,145.666,145.82,144.899,145.745,0,0,0
2016-12-22,145.266,145.575,144.501,145.263,0,0,0
2016-12-23,144.365,144.389,143.533,144.357,0,0,0
2016-12-26,144.125,144.159,143.404,144.19,0,0,0
2016-12-27,143.844,144.182,143.608,143.84,0,0,0
2016-12-28,144.198,144.674,143.521,144.193,0,0,0
2016-12-29,143.044,143.1,142.303,143.118,0,0,0
2016-12-30,142.895,144.568,142.785,142.83,0,0,0
2017-01-02,144.065,144.932,144.06,144.063,0,0,0
2017-01-03,144.275,145.364,144.113,144.26,0,0,0
2017-01-04,144.072,144.891,143.707,144.028,0,0,0
2017-01-05,144.277,144.282,142.54,144.323,0,0,0
2017-01-06,143.229,144.015,143.198,143.173,0,0,0
2017-01-09,143.6,143.83,141.109,143.587,0,0,0
2017-01-10,141.154,141.423,140.185,141.166,0,0,0
2017-01-11,141.064,141.462,140.622,141.033,0,0,0
2017-01-12,140.476,140.627,139.22,140.557,0,0,0
2017-01-13,139.5,140.203,139.189,139.468,0,0,0
2017-01-16,137.519,138.064,136.503,137.498,0,0,0
2017-01-17,137.394,140.087,137.105,137.428,0,0,0
2017-01-18,139.877,139.966,139.148,139.825,0,0,0
2017-01-19,140.669,142.067,140.5,140.675,0,0,0
2017-01-20,141.762,142.038,141.206,141.844,0,0,0
2017-01-23,140.992,142.026,140.766,140.959,0,0,0
2017-01-24,141.203,141.926,140.827,141.152,0,0,0
2017-01-25,142.72,143.296,141.837,142.663,0,0,0
2017-01-26,143.026,144.412,142.907,143.124,0,0,0
2017-01-27,144.118,144.774,144.022,144.146,0,0,0
2017-01-30,144.416,144.508,142.411,144.369,0,0,0
2017-01-31,142.122,142.454,140.456,142.054,0,0,0
2017-02-01,141.9,144.091,141.9,141.91,0,0,0
2017-02-02,143.38,143.413,140.762,143.408,0,0,0
2017-02-03,141.19,141.959,140.4,141.197,0,0,0
2017-02-06,140.616,140.74,139.602,140.604,0,0,0
2017-02-07,139.397,139.618,138.56,139.41,0,0,0
2017-02-08,140.449,140.64,139.82,140.429,0,0,0
2017-02-09,140.225,141.763,140.138,140.237,0,0,0
2017-02-10,141.718,142.363,141.152,141.76,0,0,0
2017-02-13,142.249,142.589,141.99,142.17,0,0,0
2017-02-14,142.348,142.644,141.13,142.376,0,0,0
2017-02-15,142.488,142.764,141.994,142.523,0,0,0
2017-02-16,142.26,142.333,141.539,142.281,0,0,0
2017-02-17,141.47,141.939,139.687,141.485,0,0,0
2017-02-20,140.326,141.248,140.117,140.378,0,0,0
2017-02-21,141.244,141.693,140.861,141.274,0,0,0
2017-02-22,141.903,142.008,140.507,141.926,0,0,0
2017-02-23,141.182,141.356,140.707,141.222,0,0,0
2017-02-24,141.457,141.759,140.187,141.465,0,0,0
2017-02-27,139.095,139.762,139.015,139.087,0,0,0
2017-02-28,140.202,140.307,139.034,140.223,0,0,0
2017-03-01,139.912,140.713,139.819,139.952,0,0,0
2017-03-02,139.997,140.681,139.894,140.024,0,0,0
2017-03-03,140.313,140.47,139.637,140.337,0,0,0
2017-03-06,139.903,139.968,139.297,140.015,0,0,0
2017-03-07,139.409,139.618,138.763,139.428,0,0,0
2017-03-08,139.01,139.627,138.439,139.026,0,0,0
2017-03-09,139.26,139.983,139.093,139.26,0,0,0
2017-03-10,139.961,140.517,139.601,139.963,0,0,0
2017-03-13,139.66,140.348,139.62,139.623,0,0,0
2017-03-14,140.259,140.325,139.15,140.248,0,0,0
2017-03-15,139.396,140.385,139.393,139.382,0,0,0
2017-03-16,139.265,140.163,138.662,139.266,0,0,0
2017-03-17,139.986,140.446,139.151,139.978,0,0,0
2017-03-20,139.517,140.113,139.227,139.523,0,0,0
2017-03-21,139.202,140.395,138.966,139.216,0,0,0
2017-03-22,139.23,139.465,137.817,139.2,0,0,0
2017-03-23,138.834,139.251,138.316,138.92,0,0,0
2017-03-24,138.86,139.136,138.502,138.934,0,0,0
2017-03-27,138.299,139.094,138.05,138.319,0,0,0
2017-03-28,139.081,139.377,138.105,139.091,0,0,0
2017-03-29,138.102,138.306,137.517,138.146,0,0,0
2017-03-30,138.224,139.29,137.764,138.267,0,0,0
2017-03-31,139.37,140.078,138.983,139.459,0,0,0
2017-04-03,139.566,139.887,138.405,139.51,0,0,0
2017-04-04,138.255,138.354,137.093,138.276,0,0,0
2017-04-05,137.88,139.015,137.461,137.889,0,0,0
2017-04-06,137.839,138.693,137.743,137.834,0,0,0
2017-04-07,138.247,138.321,137.095,138.26,0,0,0
2017-04-10,137.62,138.249,137.62,137.63,0,0,0
2017-04-11,137.502,137.719,136.888,137.546,0,0,0
2017-04-12,136.85,137.247,136.51,136.884,0,0,0
2017-04-13,136.615,137.089,136.52,136.657,0,0,0
2017-04-14,136.421,136.607,135.993,136.395,0,0,0
2017-04-17,135.77,136.622,135.613,135.758,0,0,0
2017-04-18,137.049,138.802,136.151,137.007,0,0,0
2017-04-19,139.414,140.17,139.074,139.397,0,0,0
2017-04-20,139.098,140.28,139.066,139.098,0,0,0
2017-04-21,139.972,140.127,139.238,140.006,0,0,0
2017-04-24,141.075,141.395,140.286,141.043,0,0,0
2017-04-25,140.086,142.499,140.086,140.069,0,0,0
2017-04-26,142.503,143.478,142.363,142.482,0,0,0
2017-04-27,142.838,143.88,142.8,142.841,0,0,0
2017-04-28,143.384,144.33,143.31,143.387,0,0,0
2017-05-01,143.928,144.597,143.89,143.919,0,0,0
2017-05-02,144.204,145.089,144.204,144.212,0,0,0
2017-05-03,144.916,145.325,144.513,144.903,0,0,0
2017-05-04,145.197,145.717,144.661,145.167,0,0,0
2017-05-05,145.447,146.113,144.816,145.44,0,0,0
2017-05-08,146.135,146.368,145.673,146.092,0,0,0
2017-05-09,146.502,147.785,146.445,146.51,0,0,0
2017-05-10,147.186,148.078,147.133,147.207,0,0,0
2017-05-11,147.75,147.862,146.17,147.824,0,0,0
2017-05-12,146.682,146.789,145.818,146.681,0,0,0
2017-05-15,145.929,146.982,145.924,145.933,0,0,0
2017-05-16,146.627,147.018,145.861,146.596,0,0,0
2017-05-17,145.585,145.888,144.08,145.49,0,0,0
2017-05-18,144.09,144.809,143.619,144.111,0,0,0
2017-05-19,144.28,145.318,143.831,144.356,0,0,0
2017-05-22,144.738,145.072,144.156,144.791,0,0,0
2017-05-23,144.132,145.089,143.781,144.092,0,0,0
2017-05-24,145.029,145.382,144.793,145.049,0,0,0
2017-05-25,144.73,145.381,144.65,144.726,0,0,0
2017-05-26,144.42,144.472,142.157,144.465,0,0,0
2017-05-29,142.566,143.072,142.48,142.552,0,0,0
2017-05-30,142.488,143.078,141.861,142.45,0,0,0
2017-05-31,142.013,142.841,141.505,141.974,0,0,0
2017-06-01,142.59,143.669,142.544,142.62,0,0,0
2017-06-02,143.612,143.927,142.007,143.594,0,0,0
2017-06-05,142.13,143.086,142.017,142.155,0,0,0
2017-06-06,142.443,142.552,140.76,142.464,0,0,0
2017-06-07,141.309,141.857,140.758,141.317,0,0,0
2017-06-08,142.487,142.756,141.759,142.431,0,0,0
2017-06-09,139.94,141.084,139.566,139.734,0,0,0
2017-06-12,140.566,140.774,138.727,140.483,0,0,0
2017-06-13,139.251,140.275,139.073,139.256,0,0,0
2017-06-14,140.299,140.883,139.151,140.27,0,0,0
2017-06-15,139.548,141.422,139.18,139.578,0,0,0
2017-06-16,141.696,142.279,141.485,141.536,0,0,0
2017-06-19,141.76,142.311,141.63,141.76,0,0,0
2017-06-20,142.238,142.517,140.71,142.14,0,0,0
2017-06-21,140.636,141.737,139.88,140.627,0,0,0
2017-06-22,141.111,141.117,140.48,141.082,0,0,0
2017-06-23,141.124,141.86,141.019,141.085,0,0,0
2017-06-26,141.772,142.324,141.708,141.73,0,0,0
2017-06-27,142.371,143.831,141.97,142.3,0,0,0
2017-06-28,143.722,145.469,143.313,143.735,0,0,0
2017-06-29,145.381,146.518,145.247,145.388,0,0,0
2017-06-30,145.62,146.044,145.136,145.722,0,0,0
2017-07-03,146.101,146.828,145.937,146.113,0,0,0
2017-07-04,146.751,146.765,146.028,146.81,0,0,0
2017-07-05,146.11,146.786,146.016,146.119,0,0,0
2017-07-06,146.376,147.107,146.06,146.357,0,0,0
2017-07-07,146.75,147.603,146.493,146.746,0,0,0
2017-07-10,146.866,147.438,146.777,146.934,0,0,0
2017-07-12,146.277,146.354,145.276,146.266,0,0,0
2017-07-13,146.065,146.806,145.566,146.123,0,0,0
2017-07-14,146.813,147.375,146.039,146.836,0,0,0
2017-07-17,147.375,147.58,146.734,147.347,0,0,0
2017-07-18,146.955,147.289,145.412,146.922,0,0,0
2017-07-19,145.963,146.311,145.283,146.011,0,0,0
2017-07-20,145.744,146.21,144.712,145.782,0,0,0
2017-07-21,145.065,145.302,144.051,145.05,0,0,0
2017-07-24,144.278,144.947,144.043,144.266,0,0,0
2017-07-25,144.87,145.847,144.47,144.905,0,0,0
2017-07-26,145.91,146.376,145.532,145.876,0,0,0
2017-07-27,145.74,146.541,145.475,145.728,0,0,0
2017-07-28,145.263,145.76,145.049,145.269,0,0,0
2017-07-31,145.242,145.795,144.826,145.248,0,0,0
2017-08-01,145.626,146.141,145.408,145.602,0,0,0
2017-08-02,145.872,146.735,145.847,145.844,0,0,0
2017-08-03,146.506,146.746,144.479,146.493,0,0,0
2017-08-04,144.41,145.12,144.346,144.443,0,0,0
2017-08-07,144.559,144.697,144.19,144.528,0,0,0
2017-08-08,144.352,144.455,143.299,144.378,0,0,0
2017-08-09,142.967,143.317,142.283,142.971,0,0,0
2017-08-10,143.177,143.315,141.896,143.17,0,0,0
2017-08-11,141.558,141.84,141.262,141.57,0,0,0
2017-08-14,142.099,142.712,141.91,142.054,0,0,0
2017-08-15,142.542,143.173,141.981,142.497,0,0,0
2017-08-16,142.268,143.066,142.263,142.294,0,0,0
2017-08-17,141.758,142.018,141.346,141.799,0,0,0
2017-08-18,140.652,141.072,139.808,140.652,0,0,0
2017-08-21,140.68,140.791,140.115,140.724,0,0,0
2017-08-22,140.674,141.013,140.059,140.495,0,0,0
2017-08-23,140.743,140.773,139.498,140.719,0,0,0
2017-08-24,139.395,140.417,139.395,139.429,0,0,0
2017-08-25,140.152,140.84,140.14,140.19,0,0,0
2017-08-28,141.136,141.293,140.459,141.098,0,0,0
2017-08-29,140.54,141.075,140.448,140.537,0,0,0
2017-08-30,141.843,142.523,141.804,141.857,0,0,0
2017-08-31,142.717,142.882,141.628,142.69,0,0,0
2017-09-01,142.486,142.978,142.09,142.491,0,0,0
2017-09-04,142.307,142.462,141.6,142.329,0,0,0
2017-09-05,141.871,141.884,141.202,141.904,0,0,0
2017-09-06,141.615,142.471,141.394,141.621,0,0,0
2017-09-07,142.394,142.653,141.608,142.36,0,0,0
2017-09-08,141.908,142.493,141.346,141.874,0,0,0
2017-09-11,142.874,143.67,142.66,142.8,0,0,0
2017-09-12,144.087,146.149,143.987,144.053,0,0,0
2017-09-13,146.464,146.644,145.756,146.47,0,0,0
2017-09-14,145.914,148.264,145.61,145.94,0,0,0
2017-09-15,147.257,151.517,147.257,147.276,0,0,0
2017-09-18,150.908,151.466,150.272,150.92,0,0,0
2017-09-19,150.643,151.568,150.243,150.68,0,0,0
2017-09-20,150.78,151.435,150.512,150.8,0,0,0
2017-09-21,151.83,152.507,151.463,151.794,0,0,0
2017-09-22,152.686,152.731,151.02,152.691,0,0,0
2017-09-25,151.876,152.258,150.233,151.869,0,0,0
2017-09-26,150.589,150.908,149.987,150.611,0,0,0
2017-09-27,151.103,151.589,150.574,151.061,0,0,0
2017-09-28,151.17,151.558,150.521,151.21,0,0,0
2017-09-29,151.083,151.296,150.23,151.031,0,0,0
2017-10-02,150.906,151.296,149.276,150.83,0,0,0
2017-10-03,149.692,150.232,149.331,149.694,0,0,0
2017-10-04,149.422,149.766,149.027,149.415,0,0,0
2017-10-05,149.294,149.436,147.69,149.298,0,0,0
2017-10-06,147.845,147.935,147.036,147.85,0,0,0
2017-10-09,147.227,148.537,147.21,147.245,0,0,0
2017-10-10,148.066,148.41,147.76,148.041,0,0,0
2017-10-11,148.397,148.579,147.845,148.4,0,0,0
2017-10-12,148.796,149.001,147.319,148.848,0,0,0
2017-10-13,148.862,149.254,148.554,148.86,0,0,0
2017-10-16,148.664,148.921,148.233,148.65,0,0,0
2017-10-17,148.696,149.022,147.802,148.678,0,0,0
2017-10-18,148.027,148.948,147.94,148.018,0,0,0
2017-10-19,149.289,149.416,147.936,149.308,0,0,0
2017-10-20,148.169,149.711,148.09,148.168,0,0,0
2017-10-23,150.44,150.44,149.76,150.415,0,0,0
2017-10-24,149.6,150.069,149.44,149.661,0,0,0
2017-10-25,149.582,151.37,149.288,149.585,0,0,0
2017-10-26,150.678,150.878,149.811,150.717,0,0,0
2017-10-27,149.82,149.96,149.0,149.823,0,0,0
2017-10-30,149.308,150.002,149.17,149.373,0,0,0
2017-10-31,149.308,150.969,149.179,149.28,0,0,0
2017-11-01,151.05,151.891,151.003,151.06,0,0,0
2017-11-02,151.33,151.426,148.692,151.298,0,0,0
2017-11-03,148.826,149.517,148.69,148.819,0,0,0
2017-11-06,149.347,149.842,149.29,149.3,0,0,0
2017-11-07,149.876,150.307,149.676,149.83,0,0,0
2017-11-08,149.799,149.913,148.562,149.838,0,0,0
2017-11-09,149.399,149.681,148.456,149.364,0,0,0
2017-11-10,148.984,149.974,148.864,149.015,0,0,0
2017-11-13,149.135,149.252,148.09,149.146,0,0,0
2017-11-14,149.034,149.394,148.63,149.025,0,0,0
2017-11-15,149.217,149.309,148.173,149.178,0,0,0
2017-11-17,149.195,149.303,148.011,149.185,0,0,0
2017-11-20,147.852,149.096,147.648,147.907,0,0,0
2017-11-21,149.043,149.352,148.632,149.023,0,0,0
2017-11-22,148.801,148.86,148.09,148.785,0,0,0
2017-11-23,148.14,148.458,147.8,148.223,0,0,0
2017-11-24,148.032,148.959,147.94,148.029,0,0,0
2017-11-27,148.765,148.765,147.906,148.76,0,0,0
2017-11-28,148.059,148.353,146.99,148.058,0,0,0
2017-11-29,149.166,150.387,148.86,149.19,0,0,0
2017-11-30,150.255,151.701,150.185,150.249,0,0,0
2017-12-01,152.277,152.459,150.618,152.279,0,0,0
2017-12-04,152.214,152.934,151.516,152.283,0,0,0
2017-12-05,151.567,151.799,150.56,151.57,0,0,0
2017-12-06,150.85,151.084,149.76,150.856,0,0,0
2017-12-07,150.407,151.359,150.189,150.353,0,0,0
2017-12-08,152.608,153.4,151.634,152.574,0,0,0
2017-12-11,152.034,152.313,151.323,152.035,0,0,0
2017-12-12,151.535,151.732,151.034,151.511,0,0,0
2017-12-13,151.175,151.499,150.83,151.211,0,0,0
2017-12-14,151.196,151.751,150.996,151.18,0,0,0
2017-12-15,150.949,151.004,149.419,150.964,0,0,0
2017-12-18,150.108,150.992,150.049,150.097,0,0,0
2017-12-19,150.616,150.934,150.404,150.609,0,0,0
2017-12-20,151.246,151.982,151.186,151.224,0,0,0
2017-12-21,151.383,151.899,151.28,151.408,0,0,0
2017-12-22,151.531,151.856,151.464,151.611,0,0,0
2017-12-25,151.42,151.67,151.25,151.249,0,0,0
2017-12-26,151.51,151.575,151.197,151.529,0,0,0
2017-12-27,151.362,152.079,151.347,151.37,0,0,0
2017-12-28,151.736,151.957,151.47,151.733,0,0,0
2017-12-29,151.721,152.443,151.547,151.694,0,0,0
2018-01-01,152.25,152.25,151.77,152.25,0,0,0
2018-01-02,152.341,152.517,151.893,152.349,0,0,0
2018-01-03,152.596,152.81,151.75,152.591,0,0,0
2018-01-04,152.11,152.951,152.11,152.136,0,0,0
2018-01-05,152.83,153.614,152.81,152.834,0,0,0
2018-01-08,153.57,153.663,152.883,153.605,0,0,0
2018-01-09,153.567,153.567,151.961,153.516,0,0,0
2018-01-10,152.584,152.584,150.544,152.57,0,0,0
2018-01-11,150.556,150.984,150.202,150.576,0,0,0
2018-01-12,150.684,152.597,150.597,150.697,0,0,0
2018-01-15,152.639,152.793,151.931,152.54,0,0,0
2018-01-16,152.582,153.093,152.049,152.571,0,0,0
2018-01-17,152.24,153.374,152.186,152.303,0,0,0
2018-01-18,153.922,154.563,153.621,153.982,0,0,0
2018-01-19,154.191,154.336,153.106,154.235,0,0,0
2018-01-22,153.74,154.963,153.488,153.744,0,0,0
2018-01-23,155.18,155.362,153.736,155.162,0,0,0
2018-01-24,154.298,155.607,154.11,154.292,0,0,0
2018-01-25,155.447,156.063,155.037,155.447,0,0,0
2018-01-26,155.15,155.812,153.457,155.23,0,0,0
2018-01-29,153.718,154.007,152.843,153.705,0,0,0
2018-01-30,153.317,153.808,152.01,153.299,0,0,0
2018-01-31,153.912,155.289,153.595,153.907,0,0,0
2018-02-01,155.026,156.422,154.974,155.054,0,0,0
2018-02-02,156.056,156.596,155.73,156.077,0,0,0
2018-02-05,155.246,155.397,153.975,155.258,0,0,0
2018-02-06,151.942,152.853,151.224,152.111,0,0,0
2018-02-07,153.003,153.01,151.343,152.986,0,0,0
2018-02-08,151.457,154.006,151.457,151.538,0,0,0
2018-02-09,151.263,152.744,149.518,151.235,0,0,0
2018-02-12,150.399,150.794,149.68,150.4,0,0,0
2018-02-13,150.475,150.53,148.996,150.533,0,0,0
2018-02-14,149.612,149.837,147.986,149.6,0,0,0
2018-02-15,149.375,150.167,149.029,149.368,0,0,0
2018-02-16,149.592,149.943,148.823,149.653,0,0,0
2018-02-19,149.1,149.456,148.9,149.07,0,0,0
2018-02-20,149.325,150.35,149.106,149.299,0,0,0
2018-02-21,150.299,150.91,149.475,150.326,0,0,0
2018-02-22,149.705,149.774,148.536,149.596,0,0,0
2018-02-23,149.049,149.508,148.833,149.019,0,0,0
2018-02-26,149.532,149.998,148.996,149.556,0,0,0
2018-02-27,149.49,149.779,148.864,149.53,0,0,0
2018-02-28,149.394,149.507,146.953,149.387,0,0,0
2018-03-01,146.659,147.431,146.483,146.666,0,0,0
2018-03-02,146.248,146.429,145.018,146.237,0,0,0
2018-03-05,145.614,146.96,145.09,145.593,0,0,0
2018-03-06,147.159,147.993,146.551,147.14,0,0,0
2018-03-07,146.783,147.472,146.258,146.672,0,0,0
2018-03-08,147.612,147.633,146.522,147.633,0,0,0
2018-03-09,146.85,148.533,146.803,146.87,0,0,0
2018-03-12,148.096,148.202,147.419,148.098,0,0,0
2018-03-13,147.826,149.344,147.78,147.77,0,0,0
2018-03-14,148.861,149.137,147.783,148.74,0,0,0
2018-03-15,148.297,148.418,147.483,148.308,0,0,0
2018-03-16,148.177,148.177,147.262,148.163,0,0,0
2018-03-19,147.752,149.669,147.044,147.761,0,0,0
2018-03-20,148.698,149.757,148.645,148.653,0,0,0
2018-03-21,149.104,149.622,148.962,149.07,0,0,0
2018-03-22,149.78,149.97,148.313,149.822,0,0,0
2018-03-23,148.149,148.946,147.731,148.13,0,0,0
2018-03-26,148.318,149.605,148.24,148.339,0,0,0
2018-03-27,150.249,150.481,148.968,150.205,0,0,0
2018-03-28,149.567,150.384,149.14,149.494,0,0,0
2018-03-29,150.385,150.404,149.041,150.367,0,0,0
2018-03-30,149.304,149.355,148.843,149.33,0,0,0
2018-04-02,149.204,149.661,148.687,149.235,0,0,0
2018-04-03,148.61,149.86,148.494,148.597,0,0,0
2018-04-04,149.744,150.149,148.829,149.727,0,0,0
2018-04-05,150.422,150.68,150.037,150.419,0,0,0
2018-04-06,149.989,151.184,149.926,149.943,0,0,0
2018-04-09,150.684,151.478,150.598,150.72,0,0,0
2018-04-10,150.824,152.118,150.72,150.879,0,0,0
2018-04-11,151.886,152.237,151.26,151.89,0,0,0
2018-04-12,151.533,152.859,151.174,151.56,0,0,0
2018-04-13,152.748,153.84,152.7,152.646,0,0,0
2018-04-16,153.123,153.73,152.66,153.122,0,0,0
2018-04-17,153.457,153.746,153.08,153.51,0,0,0
2018-04-18,153.014,153.621,152.061,152.982,0,0,0
2018-04-19,152.473,152.933,152.052,152.42,0,0,0
2018-04-20,151.32,151.668,150.88,151.32,0,0,0
2018-04-23,151.02,151.572,150.903,151.036,0,0,0
2018-04-24,151.57,152.548,151.402,151.577,0,0,0
2018-04-25,152.222,152.558,152.09,152.266,0,0,0
2018-04-26,152.399,152.705,151.98,152.417,0,0,0
2018-04-27,152.134,152.267,150.31,152.143,0,0,0
2018-04-30,150.219,150.809,149.871,150.233,0,0,0
2018-05-01,150.521,150.611,149.134,150.576,0,0,0
2018-05-02,149.515,150.103,149.151,149.549,0,0,0
2018-05-03,149.05,149.43,147.633,149.062,0,0,0
2018-05-04,148.086,148.25,147.126,148.06,0,0,0
2018-05-07,147.67,148.254,147.336,147.695,0,0,0
2018-05-08,147.809,148.049,147.032,147.818,0,0,0
2018-05-09,147.772,149.183,147.738,147.74,0,0,0
2018-05-10,148.74,149.29,147.49,148.74,0,0,0
2018-05-11,148.01,148.47,147.599,147.956,0,0,0
2018-05-14,148.128,149.047,148.05,148.153,0,0,0
2018-05-15,148.816,149.023,148.408,148.812,0,0,0
2018-05-16,148.891,149.037,148.195,148.885,0,0,0
2018-05-17,149.568,149.825,149.066,149.474,0,0,0
2018-05-18,149.77,149.997,149.116,149.73,0,0,0
2018-05-21,149.465,149.608,148.99,149.41,0,0,0
2018-05-22,149.078,149.702,148.75,149.05,0,0,0
2018-05-23,148.833,148.934,145.964,148.811,0,0,0
2018-05-24,146.947,147.23,145.729,146.891,0,0,0
2018-05-25,146.287,146.687,145.311,146.283,0,0,0
2018-05-28,145.888,146.153,145.321,145.884,0,0,0
2018-05-29,145.616,145.616,143.258,145.629,0,0,0
2018-05-30,143.743,145.042,143.634,143.646,0,0,0
2018-05-31,144.446,145.309,144.133,144.394,0,0,0
2018-06-01,144.529,146.244,144.5,144.518,0,0,0
2018-06-04,146.347,146.876,145.877,146.35,0,0,0
2018-06-05,146.447,146.939,146.08,146.415,0,0,0
2018-06-06,147.289,147.984,147.2,147.27,0,0,0
2018-06-07,147.798,148.107,147.066,147.796,0,0,0
2018-06-08,147.197,147.414,146.114,147.164,0,0,0
2018-06-11,146.858,147.838,146.7,146.779,0,0,0
2018-06-12,147.557,147.952,147.099,147.613,0,0,0
2018-06-13,147.726,147.887,147.267,147.698,0,0,0
2018-06-14,147.53,147.828,146.829,147.5,0,0,0
2018-06-15,146.667,147.063,146.294,146.659,0,0,0
2018-06-18,146.849,146.849,146.106,146.843,0,0,0
2018-06-19,146.02,146.147,144.41,146.009,0,0,0
2018-06-20,145.01,145.502,144.589,144.987,0,0,0
2018-06-21,145.34,146.177,144.613,145.34,0,0,0
2018-06-22,145.628,146.626,145.588,145.652,0,0,0
2018-06-25,145.79,145.79,144.67,145.787,0,0,0
2018-06-26,145.564,145.674,144.991,145.573,0,0,0
2018-06-27,145.577,145.626,144.807,145.555,0,0,0
2018-06-28,144.596,144.637,143.8,144.6,0,0,0
2018-06-29,144.414,146.309,144.347,144.447,0,0,0
2018-07-02,146.253,146.479,145.192,146.215,0,0,0
2018-07-03,145.702,146.372,145.316,145.703,0,0,0
2018-07-04,145.648,146.122,145.574,145.668,0,0,0
2018-07-05,146.16,146.853,145.834,146.181,0,0,0
2018-07-06,146.176,146.656,146.13,146.196,0,0,0
2018-07-09,146.796,147.598,146.323,146.803,0,0,0
2018-07-10,147.046,147.758,146.91,147.051,0,0,0
2018-07-11,146.997,147.692,146.798,146.909,0,0,0
2018-07-12,147.871,148.876,147.871,147.85,0,0,0
2018-07-13,148.447,148.661,147.66,148.477,0,0,0
2018-07-16,148.677,149.291,148.553,148.65,0,0,0
2018-07-17,148.718,149.075,148.1,148.727,0,0,0
2018-07-18,148.116,148.218,146.87,148.099,0,0,0
2018-07-19,147.515,147.526,146.555,147.494,0,0,0
2018-07-20,146.322,146.646,145.986,146.318,0,0,0
2018-07-23,146.014,146.16,145.684,145.992,0,0,0
2018-07-24,146.027,146.2,145.475,146.034,0,0,0
2018-07-25,146.33,146.492,145.79,146.27,0,0,0
2018-07-26,146.33,146.395,145.821,146.294,0,0,0
2018-07-27,145.693,145.704,145.326,145.689,0,0,0
2018-07-30,145.41,145.918,145.4,145.448,0,0,0
2018-07-31,145.787,146.998,145.479,145.779,0,0,0
2018-08-01,146.658,147.13,146.537,146.65,0,0,0
2018-08-02,146.533,146.584,145.014,146.505,0,0,0
2018-08-03,145.383,145.499,144.518,145.38,0,0,0
2018-08-06,144.595,144.718,144.048,144.627,0,0,0
2018-08-07,144.079,144.426,143.8,144.091,0,0,0
2018-08-08,144.135,144.26,142.752,144.121,0,0,0
2018-08-09,142.8,143.473,142.367,142.8,0,0,0
2018-08-10,142.48,142.485,140.998,142.491,0,0,0
2018-08-13,141.165,141.812,140.273,141.143,0,0,0
2018-08-14,141.098,142.398,141.098,141.218,0,0,0
2018-08-15,141.47,141.748,139.91,141.472,0,0,0
2018-08-16,140.377,141.138,140.21,140.348,0,0,0
2018-08-17,141.096,141.152,140.26,141.08,0,0,0
2018-08-20,140.812,141.199,140.73,140.8,0,0,0
2018-08-21,140.74,142.159,140.667,140.772,0,0,0
2018-08-22,142.093,142.777,142.004,142.11,0,0,0
2018-08-23,142.65,142.995,142.444,142.691,0,0,0
2018-08-24,142.612,143.204,142.51,142.637,0,0,0
2018-08-27,143.078,143.208,142.53,143.1,0,0,0
2018-08-28,143.294,143.641,143.056,143.325,0,0,0
2018-08-29,143.054,145.476,142.835,143.025,0,0,0
2018-08-30,145.582,145.666,144.375,145.615,0,0,0
2018-08-31,144.418,144.64,143.52,144.408,0,0,0
2018-09-03,143.612,143.624,142.847,143.617,0,0,0
2018-09-04,142.898,143.235,142.594,142.947,0,0,0
2018-09-05,143.29,144.934,142.733,143.305,0,0,0
2018-09-06,143.88,144.214,143.26,143.915,0,0,0
2018-09-07,142.806,144.352,142.61,142.806,0,0,0
2018-09-10,143.38,145.015,143.072,143.38,0,0,0
2018-09-11,144.806,145.837,144.457,144.778,0,0,0
2018-09-12,145.251,145.366,144.698,145.249,0,0,0
2018-09-13,145.0,146.704,145.0,145.085,0,0,0
2018-09-14,146.895,146.984,146.35,146.857,0,0,0
2018-09-17,146.317,147.336,146.29,146.348,0,0,0
2018-09-18,146.792,147.906,146.792,146.825,0,0,0
2018-09-19,147.836,148.473,147.334,147.838,0,0,0
2018-09-20,147.589,149.13,147.356,147.594,0,0,0
2018-09-21,149.262,149.707,147.014,149.284,0,0,0
2018-09-24,147.165,148.275,146.961,147.171,0,0,0
2018-09-25,147.944,148.682,147.79,147.936,0,0,0
2018-09-26,148.894,149.048,148.34,148.87,0,0,0
2018-09-27,148.411,148.722,147.614,148.439,0,0,0
2018-09-28,148.26,148.605,147.556,148.211,0,0,0
2018-10-01,148.33,149.165,148.273,148.361,0,0,0
2018-10-02,148.636,148.681,147.194,148.615,0,0,0
2018-10-03,147.405,148.505,147.248,147.412,0,0,0
2018-10-04,148.13,148.598,147.71,148.143,0,0,0
2018-10-05,148.318,149.078,148.1,148.332,0,0,0
2018-10-08,149.231,149.492,147.523,149.265,0,0,0
2018-10-09,148.062,148.713,147.356,148.069,0,0,0
2018-10-10,148.644,149.291,148.54,148.657,0,0,0
2018-10-11,148.047,148.755,147.881,148.034,0,0,0
2018-10-12,148.32,148.975,147.324,148.322,0,0,0
2018-10-15,147.029,147.413,146.516,147.007,0,0,0
2018-10-16,147.125,148.392,147.08,147.111,0,0,0
2018-10-17,148.094,148.24,147.063,148.139,0,0,0
2018-10-18,147.539,147.714,146.425,147.555,0,0,0
2018-10-19,146.088,147.008,146.06,146.057,0,0,0
2018-10-22,146.921,147.57,146.061,146.951,0,0,0
2018-10-23,146.16,146.37,145.328,146.186,0,0,0
2018-10-24,145.949,146.295,144.99,145.939,0,0,0
2018-10-25,144.349,145.018,144.096,144.337,0,0,0
2018-10-26,144.001,144.125,142.77,144.073,0,0,0
2018-10-29,143.56,144.371,143.357,143.582,0,0,0
2018-10-30,143.76,144.375,143.532,143.792,0,0,0
2018-10-31,143.642,145.106,143.62,143.67,0,0,0
2018-11-01,144.04,146.32,144.031,144.097,0,0,0
2018-11-02,146.515,147.229,146.32,146.54,0,0,0
2018-11-05,147.117,147.501,146.876,147.136,0,0,0
2018-11-06,147.86,148.354,147.306,147.854,0,0,0
2018-11-07,148.642,149.22,148.359,148.639,0,0,0
2018-11-08,149.074,149.475,148.768,149.065,0,0,0
2018-11-09,148.887,148.96,147.614,148.884,0,0,0
2018-11-12,147.274,147.565,146.084,147.286,0,0,0
2018-11-13,146.103,148.638,146.0,146.158,0,0,0
2018-11-14,148.118,148.4,146.85,148.082,0,0,0
2018-11-15,147.45,147.898,144.44,147.463,0,0,0
2018-11-16,144.958,145.433,144.72,144.93,0,0,0
2018-11-19,144.67,145.267,144.412,144.652,0,0,0
2018-11-20,144.591,144.852,143.99,144.602,0,0,0
2018-11-21,144.136,144.884,144.08,144.148,0,0,0
2018-11-22,144.38,145.856,144.292,144.397,0,0,0
2018-11-23,145.45,145.517,144.376,145.45,0,0,0
2018-11-26,144.726,145.732,144.663,144.665,0,0,0
2018-11-27,145.441,145.504,144.604,145.425,0,0,0
2018-11-28,144.97,145.689,144.86,144.955,0,0,0
2018-11-29,145.603,145.66,144.55,145.604,0,0,0
2018-11-30,144.962,145.254,144.666,144.96,0,0,0
2018-12-03,145.01,145.503,144.192,145.04,0,0,0
2018-12-04,144.533,144.687,143.62,144.535,0,0,0
2018-12-05,143.333,144.458,143.272,143.341,0,0,0
2018-12-06,143.88,144.056,143.25,143.879,0,0,0
2018-12-07,144.059,144.189,143.462,143.99,0,0,0
2018-12-10,143.098,143.66,141.263,143.08,0,0,0
2018-12-11,142.167,142.836,141.812,142.14,0,0,0
2018-12-12,141.64,143.418,141.53,141.637,0,0,0
2018-12-13,143.005,143.894,142.99,143.051,0,0,0
2018-12-14,143.701,143.704,142.405,143.688,0,0,0
2018-12-17,142.692,143.207,142.261,142.692,0,0,0
2018-12-18,142.332,142.64,141.961,142.325,0,0,0
2018-12-19,142.342,142.512,141.643,142.37,0,0,0
2018-12-20,141.91,142.073,140.817,141.945,0,0,0
2018-12-21,140.835,141.156,140.247,140.82,0,0,0
2018-12-24,140.52,140.847,140.3,140.457,0,0,0
2018-12-25,140.24,140.92,139.54,140.17,0,0,0
2018-12-26,140.07,140.481,139.757,140.053,0,0,0
2018-12-27,140.702,140.766,139.83,140.696,0,0,0
2018-12-28,140.211,140.305,139.485,140.206,0,0,0
2018-12-31,140.004,140.86,139.655,140.027,0,0,0
2019-01-01,139.75,139.78,138.03,139.6,0,0,0
2019-01-02,139.849,139.849,137.446,139.858,0,0,0
2019-01-03,134.493,136.734,133.909,134.484,0,0,0
2019-01-04,136.201,137.95,135.832,136.141,0,0,0
2019-01-07,138.121,138.675,137.663,138.183,0,0,0
2019-01-08,138.9,139.387,138.123,138.856,0,0,0
2019-01-09,138.516,139.061,137.761,138.542,0,0,0
2019-01-10,138.428,138.475,137.419,138.463,0,0,0
2019-01-11,138.149,139.092,137.703,138.09,0,0,0
2019-01-14,139.365,139.99,138.609,139.358,0,0,0
2019-01-15,139.358,140.423,138.512,139.344,0,0,0
2019-01-16,139.856,140.319,138.991,139.839,0,0,0
2019-01-17,140.471,141.095,139.554,140.49,0,0,0
2019-01-18,141.691,142.067,141.223,141.708,0,0,0
2019-01-21,140.915,141.519,140.697,140.919,0,0,0
2019-01-22,141.367,141.869,140.649,141.345,0,0,0
2019-01-23,141.691,143.549,141.66,141.689,0,0,0
2019-01-24,143.218,143.533,142.732,143.231,0,0,0
2019-01-25,143.684,144.477,143.413,143.782,0,0,0
2019-01-28,144.467,144.498,143.61,144.488,0,0,0
2019-01-29,143.785,144.433,143.426,143.74,0,0,0
2019-01-30,143.105,143.574,142.821,143.06,0,0,0
2019-01-31,142.906,143.16,142.251,142.91,0,0,0
2019-02-01,142.679,143.452,142.098,142.682,0,0,0
2019-02-04,143.167,144.14,143.15,143.105,0,0,0
2019-02-05,143.309,143.48,142.053,143.29,0,0,0
2019-02-06,142.423,142.506,141.79,142.439,0,0,0
2019-02-07,142.231,142.61,141.115,142.218,0,0,0
2019-02-08,142.132,142.509,141.854,142.123,0,0,0
2019-02-11,142.057,142.499,141.875,142.01,0,0,0
2019-02-12,142.003,142.49,141.88,142.0,0,0,0
2019-02-13,142.448,143.299,142.426,142.47,0,0,0
2019-02-14,142.593,143.026,141.301,142.591,0,0,0
2019-02-15,141.451,142.16,141.023,141.455,0,0,0
2019-02-18,142.624,142.996,142.5,142.677,0,0,0
2019-02-19,142.88,144.28,142.477,142.9,0,0,0
2019-02-20,144.434,145.02,144.142,144.41,0,0,0
2019-02-21,144.486,144.914,144.112,144.488,0,0,0
2019-02-22,144.35,144.737,143.78,144.368,0,0,0
2019-02-25,144.697,145.067,144.45,144.714,0,0,0
2019-02-26,145.743,147.009,145.381,145.761,0,0,0
2019-02-27,146.578,148.024,146.158,146.561,0,0,0
2019-02-28,147.624,148.223,146.986,147.636,0,0,0
2019-03-01,147.718,148.563,147.69,147.704,0,0,0
2019-03-04,148.155,148.297,147.117,148.15,0,0,0
2019-03-05,147.268,147.721,146.617,147.297,0,0,0
2019-03-06,147.14,147.163,146.67,147.14,0,0,0
2019-03-07,147.134,147.274,146.025,147.127,0,0,0
2019-03-08,146.141,146.141,144.52,146.129,0,0,0
2019-03-11,144.21,145.663,143.723,144.259,0,0,0
2019-03-12,147.445,147.445,144.633,147.474,0,0,0
2019-03-13,145.425,147.167,145.418,145.405,0,0,0
2019-03-14,147.702,148.858,147.403,147.713,0,0,0
2019-03-15,148.16,148.266,147.446,148.156,0,0,0
2019-03-18,148.318,148.376,147.016,148.329,0,0,0
2019-03-19,147.725,148.019,147.519,147.697,0,0,0
2019-03-20,147.864,148.062,146.565,147.838,0,0,0
2019-03-21,146.109,146.383,144.87,146.12,0,0,0
2019-03-22,145.466,145.734,144.544,145.482,0,0,0
2019-03-25,145.413,145.786,144.67,145.365,0,0,0
2019-03-26,145.357,146.43,145.024,145.448,0,0,0
2019-03-27,145.99,146.377,145.53,146.02,0,0,0
2019-03-28,145.306,145.497,144.5,145.323,0,0,0
2019-03-29,144.44,145.384,143.879,144.421,0,0,0
2019-04-01,144.515,146.26,144.419,144.534,0,0,0
2019-04-02,145.603,145.645,144.944,145.633,0,0,0
2019-04-03,146.101,147.171,146.0,146.104,0,0,0
2019-04-04,146.755,146.946,145.741,146.763,0,0,0
2019-04-05,145.95,146.505,145.289,145.964,0,0,0
2019-04-08,145.608,145.622,145.105,145.631,0,0,0
2019-04-09,145.56,145.983,144.813,145.576,0,0,0
2019-04-10,144.96,145.641,144.959,145.058,0,0,0
2019-04-11,145.361,145.916,145.177,145.33,0,0,0
2019-04-12,145.723,146.966,145.69,145.72,0,0,0
2019-04-15,146.579,146.966,146.361,146.568,0,0,0
2019-04-16,146.637,146.739,146.0,146.61,0,0,0
2019-04-17,146.027,146.336,145.853,146.032,0,0,0
2019-04-18,146.058,146.058,145.409,146.02,0,0,0
2019-04-19,145.468,145.543,145.33,145.489,0,0,0
2019-04-22,145.39,145.498,145.2,145.392,0,0,0
2019-04-23,145.289,145.613,144.704,145.289,0,0,0
2019-04-24,144.713,144.882,144.4,144.737,0,0,0
2019-04-25,144.69,144.847,143.822,144.7,0,0,0
2019-04-26,143.865,144.414,143.74,143.888,0,0,0
2019-04-29,144.21,144.714,144.172,144.2,0,0,0
2019-04-30,144.42,145.354,144.047,144.465,0,0,0
2019-05-01,145.28,145.688,145.269,145.298,0,0,0
2019-05-02,145.469,145.852,145.112,145.477,0,0,0
2019-05-03,145.282,146.502,144.8,145.308,0,0,0
2019-05-06,145.434,145.541,144.99,145.479,0,0,0
2019-05-07,145.118,145.353,143.965,145.115,0,0,0
2019-05-08,144.042,144.065,143.059,144.06,0,0,0
2019-05-09,143.153,143.181,142.276,143.158,0,0,0
2019-05-10,142.908,143.218,142.49,142.839,0,0,0
2019-05-13,142.605,142.867,141.331,142.626,0,0,0
2019-05-14,141.521,142.164,141.36,141.483,0,0,0
2019-05-15,141.547,141.634,140.212,141.541,0,0,0
2019-05-16,140.579,140.791,140.204,140.636,0,0,0
2019-05-17,140.572,140.643,139.563,140.6,0,0,0
2019-05-20,140.214,140.507,139.745,140.236,0,0,0
2019-05-21,140.09,141.46,139.651,140.09,0,0,0
2019-05-22,140.451,140.681,139.343,140.493,0,0,0
2019-05-23,139.569,139.569,138.731,139.573,0,0,0
2019-05-24,138.717,139.477,138.531,138.722,0,0,0
2019-05-27,139.173,139.633,138.673,139.192,0,0,0
2019-05-28,138.844,138.996,138.26,138.86,0,0,0
2019-05-29,138.437,138.558,137.872,138.391,0,0,0
2019-05-30,138.337,138.719,138.186,138.335,0,0,0
2019-05-31,137.78,137.944,136.63,137.879,0,0,0
2019-06-03,136.798,137.111,136.616,136.761,0,0,0
2019-06-04,136.822,137.458,136.54,136.791,0,0,0
2019-06-05,137.479,137.758,137.2,137.49,0,0,0
2019-06-06,137.439,137.733,136.97,137.437,0,0,0
2019-06-07,137.69,138.165,137.493,137.689,0,0,0
2019-06-10,137.962,138.249,137.484,137.94,0,0,0
2019-06-11,137.528,138.312,137.48,137.508,0,0,0
2019-06-12,138.012,138.231,137.552,138.01,0,0,0
2019-06-13,137.723,137.772,137.132,137.697,0,0,0
2019-06-14,137.328,137.395,136.531,137.337,0,0,0
2019-06-17,136.713,136.926,136.353,136.738,0,0,0
2019-06-18,136.1,136.118,135.403,136.125,0,0,0
2019-06-19,136.433,136.974,135.804,136.427,0,0,0
2019-06-20,136.783,137.155,136.39,136.798,0,0,0
2019-06-21,136.316,136.752,135.93,136.322,0,0,0
2019-06-24,136.826,137.125,136.501,136.818,0,0,0
2019-06-25,136.749,136.829,135.814,136.715,0,0,0
2019-06-26,136.01,136.808,136.01,135.98,0,0,0
2019-06-27,136.759,137.3,136.466,136.755,0,0,0
2019-06-28,136.576,137.17,136.26,136.546,0,0,0
2019-07-01,137.543,137.543,136.74,137.57,0,0,0
2019-07-02,137.037,137.115,135.988,137.018,0,0,0
2019-07-03,135.818,135.818,135.174,135.78,0,0,0
2019-07-04,135.589,135.699,135.453,135.57,0,0,0
2019-07-05,135.654,135.836,135.47,135.637,0,0,0
2019-07-08,135.862,136.012,135.52,135.863,0,0,0
2019-07-09,136.05,136.267,135.407,136.05,0,0,0
2019-07-10,135.68,136.042,135.489,135.701,0,0,0
2019-07-11,135.478,136.038,135.077,135.505,0,0,0
2019-07-12,135.94,136.01,135.513,135.982,0,0,0
2019-07-15,135.52,135.828,135.067,135.56,0,0,0
2019-07-16,135.038,135.244,133.97,135.055,0,0,0
2019-07-17,134.262,134.484,133.971,134.28,0,0,0
2019-07-18,134.185,134.801,133.84,134.184,0,0,0
2019-07-19,134.725,134.989,134.566,134.693,0,0,0
2019-07-22,134.886,135.076,134.406,134.86,0,0,0
2019-07-23,134.53,134.96,134.331,134.57,0,0,0
2019-07-24,134.58,135.253,134.261,134.59,0,0,0
2019-07-25,135.055,135.641,134.712,135.063,0,0,0
2019-07-26,135.324,135.382,134.53,135.29,0,0,0
2019-07-29,134.43,134.45,132.939,134.441,0,0,0
2019-07-30,132.976,133.033,131.602,132.982,0,0,0
2019-07-31,131.969,132.961,131.84,132.018,0,0,0
2019-08-01,132.252,132.534,131.009,132.244,0,0,0
2019-08-02,130.231,130.399,129.09,130.24,0,0,0
2019-08-05,129.496,129.556,128.172,129.481,0,0,0
2019-08-06,128.382,130.054,128.382,128.367,0,0,0
2019-08-07,129.37,129.509,128.263,129.388,0,0,0
2019-08-08,128.841,129.317,128.34,128.84,0,0,0
2019-08-09,128.559,128.704,127.271,128.558,0,0,0
2019-08-12,126.695,127.477,126.655,126.666,0,0,0
2019-08-13,127.26,129.188,126.812,127.23,0,0,0
2019-08-14,128.554,128.634,127.567,128.58,0,0,0
2019-08-15,127.726,128.918,127.565,127.7,0,0,0
2019-08-16,128.278,129.544,128.14,128.258,0,0,0
2019-08-19,129.36,129.532,128.96,129.37,0,0,0
2019-08-20,129.252,129.392,128.27,129.254,0,0,0
2019-08-21,129.26,129.662,128.89,129.242,0,0,0
2019-08-22,129.307,130.631,128.758,129.314,0,0,0
2019-08-23,130.443,130.542,129.014,130.42,0,0,0
2019-08-26,128.572,130.017,128.572,128.554,0,0,0
2019-08-27,129.519,130.321,128.99,129.518,0,0,0
2019-08-28,129.868,130.062,128.536,129.875,0,0,0
2019-08-29,129.609,129.995,129.003,129.594,0,0,0
2019-08-30,129.73,129.794,129.183,129.692,0,0,0
2019-09-02,129.068,129.294,127.962,129.02,0,0,0
2019-09-03,128.11,128.23,126.72,128.118,0,0,0
2019-09-04,127.987,129.79,127.92,127.97,0,0,0
2019-09-05,130.211,132.092,129.969,130.198,0,0,0
2019-09-06,131.94,132.112,131.337,131.94,0,0,0
2019-09-09,131.34,132.516,130.824,131.356,0,0,0
2019-09-10,132.486,132.854,132.01,132.499,0,0,0
2019-10-08,131.79,132.1,130.44,131.782,0,0,0
2019-10-10,130.925,133.631,130.862,130.878,0,0,0
2019-10-11,134.07,137.809,134.07,134.11,0,0,0
2019-10-14,136.763,136.98,135.561,136.842,0,0,0
2019-10-15,136.62,139.206,136.511,136.667,0,0,0
2019-10-16,138.828,139.811,137.595,138.832,0,0,0
2019-10-17,139.289,141.344,138.689,139.334,0,0,0
2019-10-18,139.68,140.314,139.34,139.69,0,0,0
2019-10-21,139.848,141.307,139.777,139.836,0,0,0
2019-10-22,140.857,141.089,139.96,140.854,0,0,0
2019-10-23,139.747,140.037,139.08,139.743,0,0,0
2019-10-24,140.311,140.692,139.097,140.357,0,0,0
2019-10-25,139.45,139.744,139.01,139.42,0,0,0
2019-10-28,139.461,140.194,139.31,139.477,0,0,0
2019-10-29,140.085,140.515,139.475,140.083,0,0,0
2019-10-30,140.073,140.449,139.94,140.052,0,0,0
2019-10-31,140.359,140.656,139.75,140.342,0,0,0
2019-11-01,139.762,140.127,139.68,139.732,0,0,0
2019-11-04,139.982,140.213,139.91,139.997,0,0,0
2019-11-05,140.059,140.531,139.997,140.084,0,0,0
2019-11-06,140.538,140.574,140.06,140.575,0,0,0
2019-11-07,140.014,140.523,139.487,140.014,0,0,0
2019-11-08,140.08,140.198,139.488,140.081,0,0,0
2019-11-11,139.739,140.459,139.36,139.744,0,0,0
2019-11-12,140.136,140.572,139.948,140.134,0,0,0
2019-11-13,140.057,140.24,139.45,140.066,0,0,0
2019-11-14,139.795,139.846,139.39,139.83,0,0,0
2019-11-15,139.741,140.439,139.66,139.745,0,0,0
2019-11-18,140.424,141.529,140.39,140.43,0,0,0
2019-11-19,140.717,140.913,140.27,140.691,0,0,0
2019-11-20,140.246,140.439,139.728,140.198,0,0,0
2019-11-21,140.223,140.853,139.967,140.19,0,0,0
2019-11-22,140.26,140.444,139.334,140.25,0,0,0
2019-11-25,139.713,140.607,139.64,139.7,0,0,0
2019-11-26,140.565,140.853,139.99,140.555,0,0,0
2019-11-27,140.27,140.972,140.03,140.298,0,0,0
2019-11-28,141.417,141.744,141.23,141.37,0,0,0
2019-11-29,141.367,141.681,141.129,141.394,0,0,0
2019-12-02,141.403,141.799,140.972,141.424,0,0,0
2019-12-03,141.029,141.696,140.921,141.066,0,0,0
2019-12-04,141.212,142.763,140.82,141.2,0,0,0
2019-12-05,142.679,143.247,142.61,142.666,0,0,0
2019-12-06,143.082,143.13,142.39,143.074,0,0,0
2019-12-09,142.75,143.079,142.56,142.717,0,0,0
2019-12-10,142.749,143.27,142.637,142.704,0,0,0
2019-12-11,142.826,143.311,142.57,142.806,0,0,0
2019-12-12,143.276,143.637,142.496,143.272,0,0,0
2019-12-13,147.432,147.932,145.467,147.419,0,0,0
2019-12-16,146.066,146.733,145.847,146.071,0,0,0
2019-12-17,145.386,145.713,143.508,145.423,0,0,0
2019-12-18,143.699,143.699,143.086,143.688,0,0,0
2019-12-19,143.317,143.821,142.036,143.352,0,0,0
2019-12-20,142.381,143.025,142.18,142.36,0,0,0
2019-12-23,142.386,142.501,141.165,142.381,0,0,0
2019-12-24,141.541,141.783,141.329,141.538,0,0,0
2019-12-25,141.41,142.42,140.635,141.4,0,0,0
2019-12-26,141.849,142.686,141.834,141.859,0,0,0
2019-12-27,142.416,143.655,142.023,142.463,0,0,0
2019-12-30,143.255,143.414,142.768,143.248,0,0,0
2019-12-31,142.758,144.334,142.428,142.764,0,0,0
2020-01-01,144.668,145.307,144.01,144.42,0,0,0
2020-01-02,144.029,144.169,142.276,144.048,0,0,0
2020-01-03,142.649,142.737,141.023,142.708,0,0,0
2020-01-06,141.261,142.729,141.12,141.201,0,0,0
2020-01-07,142.777,143.273,142.034,142.773,0,0,0
2020-01-08,141.56,142.947,141.135,141.639,0,0,0
2020-01-09,142.906,143.448,142.42,142.875,0,0,0
2020-01-10,143.102,143.488,142.87,143.11,0,0,0
2020-01-13,142.851,142.962,142.381,142.912,0,0,0
2020-01-14,142.853,143.247,142.45,142.847,0,0,0
2020-01-15,143.065,143.344,142.69,143.046,0,0,0
2020-01-16,143.272,144.107,143.27,143.287,0,0,0
2020-01-17,144.055,144.472,143.36,144.057,0,0,0
2020-01-20,143.309,143.342,142.814,143.31,0,0,0
2020-01-21,143.267,143.966,142.861,143.262,0,0,0
2020-01-22,143.41,144.568,143.339,143.386,0,0,0
2020-01-23,144.231,144.287,143.211,144.215,0,0,0
2020-01-24,143.735,144.215,142.823,143.715,0,0,0
2020-01-27,142.115,142.734,142.115,142.103,0,0,0
2020-01-28,142.244,142.435,141.495,142.239,0,0,0
2020-01-29,142.121,142.206,141.707,142.129,0,0,0
2020-01-30,141.922,142.678,141.264,141.911,0,0,0
2020-01-31,142.505,143.28,142.505,142.461,0,0,0
2020-02-03,142.837,143.097,141.132,142.843,0,0,0
2020-02-04,141.14,142.542,140.97,141.152,0,0,0
2020-02-05,142.614,143.333,142.24,142.61,0,0,0
2020-02-06,142.711,142.803,142.08,142.69,0,0,0
2020-02-07,142.157,142.355,141.615,142.163,0,0,0
2020-02-10,141.291,142.074,141.27,141.328,0,0,0
2020-02-11,141.74,142.442,141.68,141.76,0,0,0
2020-02-12,142.28,142.876,142.227,142.305,0,0,0
2020-02-13,142.348,143.465,142.14,142.318,0,0,0
2020-02-14,143.205,143.394,142.778,143.16,0,0,0
2020-02-17,143.248,143.332,142.874,143.289,0,0,0
2020-02-18,142.8,143.215,142.332,142.83,0,0,0
2020-02-19,142.89,143.946,142.81,142.887,0,0,0
2020-02-20,143.734,144.575,143.612,143.74,0,0,0
2020-02-21,144.219,144.938,143.763,144.215,0,0,0
2020-02-24,144.478,144.6,142.812,144.494,0,0,0
2020-02-25,143.287,143.61,143.047,143.284,0,0,0
2020-02-26,143.375,143.699,142.591,143.394,0,0,0
2020-02-27,142.427,142.534,141.382,142.43,0,0,0
2020-02-28,141.319,141.328,137.602,141.328,0,0,0
2020-03-02,137.965,139.153,137.165,137.911,0,0,0
2020-03-03,138.433,138.466,137.21,138.493,0,0,0
2020-03-04,137.259,137.975,137.242,137.22,0,0,0
2020-03-05,138.559,138.559,137.781,138.601,0,0,0
2020-03-06,137.595,137.729,136.447,137.583,0,0,0
2020-03-09,136.15,136.293,132.682,136.118,0,0,0
2020-03-10,134.775,137.162,134.096,134.789,0,0,0
2020-03-11,135.586,136.52,134.337,135.565,0,0,0
2020-03-12,134.099,134.21,131.354,133.992,0,0,0
2020-03-13,131.588,134.293,131.236,131.462,0,0,0
2020-03-16,132.136,132.494,128.893,132.254,0,0,0
2020-03-17,130.333,131.112,128.653,130.206,0,0,0
2020-03-18,130.032,130.266,127.067,130.13,0,0,0
2020-03-19,125.865,129.5,124.93,125.962,0,0,0
2020-03-20,127.881,131.949,127.506,127.863,0,0,0
2020-03-23,128.07,129.074,127.412,128.35,0,0,0
2020-03-24,128.531,131.386,128.019,128.463,0,0,0
2020-03-25,130.995,133.358,129.916,131.004,0,0,0
2020-03-26,131.279,132.866,130.627,131.365,0,0,0
2020-03-27,133.047,133.68,132.125,133.064,0,0,0
2020-03-30,133.768,134.372,132.751,133.726,0,0,0
2020-03-31,133.583,134.539,133.232,133.636,0,0,0
2020-04-01,133.321,133.547,132.615,133.353,0,0,0
2020-04-02,132.797,133.835,132.564,132.788,0,0,0
2020-04-03,133.859,133.911,132.55,133.831,0,0,0
2020-04-06,132.775,134.482,132.775,132.778,0,0,0
2020-04-07,133.408,134.939,133.11,133.528,0,0,0
2020-04-08,134.015,134.996,133.725,134.037,0,0,0
2020-04-09,134.914,135.724,134.646,134.935,0,0,0
2020-04-10,135.17,135.386,134.98,135.13,0,0,0
2020-04-13,134.98,135.117,134.498,134.97,0,0,0
2020-04-14,134.74,135.393,134.569,134.762,0,0,0
2020-04-15,135.171,135.254,133.666,135.212,0,0,0
2020-04-16,134.717,134.845,133.719,134.718,0,0,0
2020-04-17,134.76,134.828,133.885,134.77,0,0,0
2020-04-20,134.462,134.691,133.86,134.429,0,0,0
2020-04-21,133.944,134.023,131.959,133.943,0,0,0
2020-04-22,132.51,133.278,132.048,132.472,0,0,0
2020-04-23,132.83,133.648,132.401,132.841,0,0,0
2020-04-24,132.964,133.103,132.38,132.966,0,0,0
2020-04-27,132.952,133.523,132.909,132.926,0,0,0
2020-04-28,133.254,133.537,132.829,133.258,0,0,0
2020-04-29,132.716,132.993,131.94,132.733,0,0,0
2020-04-30,132.9,135.062,132.67,132.944,0,0,0
2020-05-01,134.982,135.04,133.448,134.949,0,0,0
2020-05-04,132.963,133.149,132.518,132.915,0,0,0
2020-05-05,132.782,133.098,132.544,132.763,0,0,0
2020-05-06,132.439,132.439,130.846,132.45,0,0,0
2020-05-07,130.906,131.967,130.77,130.849,0,0,0
2020-05-08,131.609,132.654,131.54,131.616,0,0,0
2020-05-11,132.723,133.168,131.884,132.73,0,0,0
2020-05-12,132.667,132.851,131.945,132.631,0,0,0
2020-05-13,131.303,131.905,130.661,131.273,0,0,0
2020-05-14,130.832,130.861,130.14,130.881,0,0,0
2020-05-15,131.325,131.404,129.986,131.32,0,0,0
2020-05-18,129.581,131.24,129.534,129.553,0,0,0
2020-05-19,130.98,132.368,130.778,130.97,0,0,0
2020-05-20,132.152,132.408,131.56,132.114,0,0,0
2020-05-21,131.611,131.934,131.213,131.63,0,0,0
2020-05-22,131.578,131.76,130.671,131.543,0,0,0
2020-05-25,131.284,131.402,130.998,131.27,0,0,0
2020-05-26,131.374,133.024,131.37,131.378,0,0,0
2020-05-27,132.556,132.935,131.667,132.551,0,0,0
2020-05-28,132.182,132.727,131.842,132.198,0,0,0
2020-05-29,132.572,133.412,131.809,132.614,0,0,0
2020-06-01,132.961,134.255,132.936,132.95,0,0,0
2020-06-02,134.295,136.493,134.281,134.28,0,0,0
2020-06-03,136.865,137.35,136.267,136.85,0,0,0
2020-06-04,137.012,137.625,135.952,137.04,0,0,0
2020-06-05,137.507,139.688,137.276,137.608,0,0,0
2020-06-08,139.309,139.357,137.601,139.49,0,0,0
2020-06-09,137.978,138.147,136.238,138.048,0,0,0
2020-06-10,137.035,137.383,136.63,137.001,0,0,0
2020-06-11,136.046,136.4,134.674,135.959,0,0,0
2020-06-12,134.312,136.026,133.788,134.29,0,0,0
2020-06-15,134.249,135.042,133.494,134.22,0,0,0
2020-06-16,135.797,136.32,134.825,135.77,0,0,0
2020-06-17,135.109,135.122,134.093,135.145,0,0,0
2020-06-18,134.11,134.318,132.467,134.162,0,0,0
2020-06-19,132.92,133.183,132.11,132.94,0,0,0
2020-06-22,131.853,133.082,131.78,131.899,0,0,0
2020-06-23,133.584,133.957,132.616,133.624,0,0,0
2020-06-24,133.294,133.597,132.697,133.288,0,0,0
2020-06-25,132.861,133.58,132.809,132.854,0,0,0
2020-06-26,133.112,133.242,132.048,133.1,0,0,0
2020-06-29,132.307,132.66,131.957,132.317,0,0,0
2020-06-30,132.455,133.554,132.046,132.431,0,0,0
2020-07-01,133.756,134.117,132.955,133.786,0,0,0
2020-07-02,133.835,134.676,133.791,133.819,0,0,0
2020-07-03,134.014,134.185,133.696,133.991,0,0,0
2020-07-06,134.218,134.655,134.149,134.197,0,0,0
2020-07-07,134.121,135.376,134.09,134.135,0,0,0
2020-07-08,134.857,135.399,134.589,134.912,0,0,0
2020-07-09,135.26,135.913,135.184,135.29,0,0,0
2020-07-10,135.17,135.186,134.301,135.13,0,0,0
2020-07-13,134.984,135.469,134.802,134.988,0,0,0
2020-07-14,134.631,134.742,133.989,134.638,0,0,0
2020-07-15,134.806,135.076,134.468,134.784,0,0,0
2020-07-16,134.552,135.149,134.059,134.59,0,0,0
2020-07-17,134.741,134.89,134.1,134.719,0,0,0
2020-07-20,134.583,135.7,134.34,134.612,0,0,0
2020-07-21,135.707,136.421,135.707,135.71,0,0,0
2020-07-22,136.023,136.483,135.296,135.99,0,0,0
2020-07-23,136.417,136.61,135.842,136.415,0,0,0
2020-07-24,135.993,136.023,134.97,136.003,0,0,0
2020-07-27,135.591,135.808,135.154,135.607,0,0,0
2020-07-28,135.694,135.998,135.33,135.64,0,0,0
2020-07-29,135.862,136.443,135.67,135.828,0,0,0
2020-07-30,136.325,137.34,136.084,136.351,0,0,0
2020-07-31,137.278,139.183,136.789,137.3,0,0,0
2020-08-03,138.651,138.98,137.761,138.686,0,0,0
2020-08-04,138.674,138.855,137.81,138.64,0,0,0
2020-08-05,138.181,138.987,138.03,138.192,0,0,0
2020-08-06,138.539,139.206,138.43,138.541,0,0,0
2020-08-07,138.631,138.738,137.86,138.699,0,0,0
2020-08-10,138.15,138.619,138.097,138.146,0,0,0
2020-08-11,138.59,139.484,138.59,138.57,0,0,0
2020-08-12,138.949,139.604,138.892,139.002,0,0,0
2020-08-13,139.351,140.193,139.28,139.33,0,0,0
2020-08-14,139.784,139.989,139.345,139.823,0,0,0
2020-08-17,139.63,139.663,138.79,139.637,0,0,0
2020-08-18,138.912,139.497,138.59,138.923,0,0,0
2020-08-19,139.436,139.941,138.884,139.456,0,0,0
2020-08-20,139.043,139.584,138.57,139.03,0,0,0
2020-08-21,139.696,139.921,138.293,139.678,0,0,0
